,CountyName,StateName,dem_to_rep_ratio,stay at home,>50 gatherings,>500 gatherings,public schools,restaurant dine-in,entertainment/gym
0,Kings,NY,4.541511869,3.0,2.0,1.0,2,1,2.0
1,Queens,NY,3.46334898,3.0,2.0,1.0,2,1,2.0
2,Los Angeles,CA,3.2015412939999996,3.0,3.0,3.0,3,1,1.0
3,Cook,IL,3.556126692,3.0,2.0,2.0,2,1,2.0
4,Bronx,NY,9.356456862,3.0,2.0,1.0,2,1,2.0
5,Miami-Dade,FL,1.868706194,4.0,2.0,2.0,2,1,3.0
6,Maricopa,AZ,0.940518705,5.0,2.0,2.0,2,1,3.0
7,New York,NY,8.917633107,3.0,2.0,1.0,2,1,2.0
8,Wayne,MI,2.26838375,4.0,4.0,4.0,2,1,2.0
9,Harris,TX,1.296652655,4.0,3.0,1.0,4,1,3.0
10,Middlesex,MA,2.36750033,4.0,2.0,2.0,2,1,2.0
11,Nassau,NY,1.1310208000000002,3.0,2.0,1.0,2,1,2.0
12,Essex,NJ,3.8121596810000002,3.0,2.0,2.0,2,1,2.0
13,Bergen,NJ,1.317223935,3.0,2.0,2.0,2,1,2.0
14,Suffolk,NY,0.8670194259999999,3.0,2.0,1.0,2,1,2.0
15,Philadelphia,PA,5.370443594,4.0,4.0,4.0,2,1,2.0
16,Hidalgo,TX,2.442518811,5.0,3.0,1.0,4,1,3.0
17,Hudson,NJ,3.3423118489999997,3.0,2.0,2.0,2,1,2.0
18,Broward,FL,2.120398082,5.0,2.0,2.0,2,1,3.0
19,Palm Beach,FL,1.3754414430000002,5.0,2.0,2.0,2,1,3.0
20,Westchester,NY,2.0796263280000002,3.0,2.0,1.0,2,1,2.0
21,Clark,NV,1.256735519,5.0,4.0,4.0,2,1,3.0
22,Hartford,CT,1.622448084,4.0,4.0,4.0,2,1,2.0
23,Middlesex,NJ,1.570063358,3.0,2.0,2.0,2,1,2.0
24,Fairfield,CT,1.523341892,4.0,4.0,4.0,2,1,2.0
25,Orange,CA,1.202727803,3.0,3.0,3.0,3,1,1.0
26,Bexar,TX,1.329613495,4.0,3.0,1.0,4,1,3.0
27,Union,NJ,2.164224682,3.0,2.0,2.0,2,1,2.0
28,Essex,MA,1.6308430409999999,4.0,2.0,2.0,2,1,2.0
29,Riverside,CA,1.121388896,3.0,3.0,3.0,3,1,1.0
30,Passaic,NJ,1.601588434,3.0,2.0,2.0,2,1,2.0
31,Oakland,MI,1.18626017,4.0,4.0,4.0,2,1,2.0
32,Dallas,TX,1.7535226000000002,4.0,3.0,1.0,4,1,3.0
33,Suffolk,MA,4.873981079,4.0,2.0,2.0,2,1,2.0
34,Worcester,MA,1.260625817,4.0,2.0,2.0,2,1,2.0
35,New Haven,CT,1.292748101,4.0,4.0,4.0,2,1,2.0
36,Richmond,NY,0.730926585,3.0,2.0,1.0,2,1,2.0
37,Norfolk,MA,1.852768474,4.0,2.0,2.0,2,1,2.0
38,Macomb,MI,0.784799591,4.0,4.0,4.0,2,1,2.0
39,Ocean,NJ,0.486656727,3.0,2.0,2.0,2,1,2.0
40,San Bernardino,CA,1.256573514,3.0,3.0,3.0,3,1,1.0
41,Cameron,TX,2.015540174,5.0,3.0,1.0,4,1,3.0
42,Hennepin,MN,2.2385566040000002,5.0,5.0,5.0,2,1,2.0
43,Providence,RI,1.5723575630000002,5.0,2.0,2.0,2,4,4.0
44,Montgomery,PA,1.5736522240000002,4.0,4.0,4.0,2,1,2.0
45,St Louis,MO,1.416283826,4.0,3.0,3.0,3,1,5.0
46,Monmouth,NJ,0.822807891,3.0,2.0,2.0,2,1,2.0
47,Montgomery,MD,3.8599952539999998,5.0,2.0,1.0,2,1,2.0
48,San Diego,CA,1.53940632,3.0,3.0,3.0,3,1,1.0
49,Prince Georges,MD,10.48578221,5.0,2.0,1.0,2,1,2.0
50,Morris,NJ,0.9141594820000001,3.0,2.0,2.0,2,1,2.0
51,Marion,IN,1.6331620130000002,4.0,4.0,1.0,3,1,2.0
52,Hampden,MA,1.430895342,4.0,2.0,2.0,2,1,2.0
53,Plymouth,MA,1.174604963,4.0,2.0,2.0,2,1,2.0
54,Pinellas,FL,0.977006785,5.0,2.0,2.0,2,1,3.0
55,King,WA,3.320353704,4.0,4.0,1.0,2,1,2.0
56,Tarrant,TX,0.8336932420000001,4.0,3.0,1.0,4,1,3.0
57,Delaware,PA,1.6030252919999999,4.0,4.0,4.0,2,1,2.0
58,Hillsborough,FL,1.1537302809999999,5.0,2.0,2.0,2,1,3.0
59,Bristol,MA,1.228531055,4.0,2.0,2.0,2,1,2.0
60,Cuyahoga,OH,2.162037012,4.0,1.0,1.0,2,1,3.0
61,Baltimore,MD,1.461174629,5.0,2.0,1.0,2,1,2.0
62,Erie,NY,1.1441984459999999,3.0,2.0,1.0,2,1,2.0
63,Washington,DC,22.22982001,5.0,4.0,4.0,2,1,2.0
64,Mercer,NJ,2.26820081,3.0,2.0,2.0,2,1,2.0
65,Franklin,OH,1.7618835,4.0,1.0,1.0,2,1,3.0
66,Pima,AZ,1.341836491,5.0,2.0,2.0,2,1,3.0
67,Bucks,PA,1.01642117,4.0,4.0,4.0,2,1,2.0
68,Camden,NJ,2.020032768,3.0,2.0,2.0,2,1,2.0
69,Fairfax,VA,2.251810285,5.0,4.0,4.0,2,4,2.0
70,Fulton,GA,2.522019307,4.0,2.0,2.0,2,1,3.0
71,Du Page,IL,1.373806448,3.0,2.0,2.0,2,1,2.0
72,Orleans,LA,5.516054668,4.0,2.0,2.0,2,1,2.0
73,Somerset,NJ,1.30812915,3.0,2.0,2.0,2,1,2.0
74,Jefferson,LA,0.7337795570000001,4.0,2.0,2.0,2,1,2.0
75,Polk,FL,0.745937877,5.0,2.0,2.0,2,1,3.0
76,El Paso,TX,2.6632619969999998,4.0,3.0,1.0,4,1,3.0
77,Milwaukee,WI,2.2948444919999997,4.0,2.0,2.0,2,1,2.0
78,Shelby,TN,1.79632813,5.0,4.0,4.0,3,4,4.0
79,Orange,FL,1.6898922219999999,5.0,2.0,2.0,2,1,3.0
80,Rockland,NY,1.138415065,3.0,2.0,1.0,2,1,2.0
81,Burlington,NJ,1.363529438,3.0,2.0,2.0,2,1,2.0
82,Duval,FL,0.971805435,4.0,2.0,2.0,2,1,3.0
83,Lake,IL,1.558710724,3.0,2.0,2.0,2,1,2.0
84,Baltimore City,MD,8.040983932,5.0,2.0,1.0,2,1,2.0
85,Lee,FL,0.652087434,5.0,2.0,2.0,2,1,3.0
86,San Joaquin,CA,1.3619231809999999,3.0,3.0,3.0,3,1,1.0
87,Lancaster,PA,0.6605058220000001,5.0,4.0,4.0,2,1,2.0
88,Sacramento,CA,1.717818209,3.0,3.0,3.0,3,1,1.0
89,East Baton Rouge,LA,1.214599575,4.0,2.0,2.0,2,1,2.0
90,Cobb,GA,1.047144763,5.0,2.0,2.0,2,1,3.0
91,Denver,CO,3.90095709,4.0,4.0,1.0,4,1,2.0
92,Travis,TX,2.423256216,5.0,3.0,1.0,4,1,3.0
93,Alameda,CA,5.36729843,3.0,3.0,3.0,3,1,1.0
94,Gwinnett,GA,1.130377103,5.0,2.0,2.0,2,1,3.0
95,Fresno,CA,1.139396529,3.0,3.0,3.0,3,1,1.0
96,Orange,NY,0.890834366,3.0,2.0,1.0,2,1,2.0
97,Will,IL,1.1447182040000001,3.0,2.0,2.0,2,1,2.0
98,Berks,PA,0.81175874,5.0,4.0,4.0,2,1,2.0
99,Kern,CA,0.76158322,3.0,3.0,3.0,3,1,1.0
100,Nueces,TX,0.969113186,5.0,3.0,1.0,4,1,3.0
101,Stanislaus,CA,1.040168675,3.0,3.0,3.0,3,1,1.0
102,De Kalb,GA,4.884005596000001,5.0,2.0,2.0,2,1,3.0
103,Allegheny,PA,1.416745029,4.0,4.0,4.0,2,1,2.0
104,Caddo,LA,1.09135616,4.0,2.0,2.0,2,1,2.0
105,Arapahoe,CO,1.365919712,4.0,4.0,1.0,4,1,2.0
106,Mecklenburg,NC,1.89407014,5.0,4.0,1.0,2,1,4.0
107,Chester,PA,1.220197392,4.0,4.0,4.0,2,1,2.0
108,Lucas,OH,1.464147005,4.0,1.0,1.0,2,1,3.0
109,Santa Clara,CA,3.533094886,3.0,3.0,3.0,3,1,1.0
110,Jefferson,AL,1.164022617,5.0,3.0,1.0,2,1,5.0
111,Lake,IN,1.5462479340000002,4.0,4.0,1.0,3,1,2.0
112,Lehigh,PA,1.103596146,4.0,4.0,4.0,2,1,2.0
113,Yuma,AZ,0.9777468709999999,5.0,2.0,2.0,2,1,3.0
114,Kane,IL,1.252991515,3.0,2.0,2.0,2,1,2.0
115,Brevard,FL,0.658126567,5.0,2.0,2.0,2,1,3.0
116,Hamilton,OH,1.242155875,4.0,1.0,1.0,2,1,3.0
117,Ramsey,MN,2.5070951,5.0,5.0,5.0,2,1,2.0
118,Imperial,CA,2.571394836,3.0,3.0,3.0,3,1,1.0
119,Marion,FL,0.575343355,5.0,2.0,2.0,2,1,3.0
120,New Castle,DE,1.904928384,4.0,4.0,4.0,2,1,1.0
121,Greenville,SC,0.582663183,5.0,2.0,2.0,2,1,5.0
122,Jefferson,KY,1.32738857,5.0,5.0,5.0,2,1,2.0
123,Davidson,TN,1.76066233,4.0,4.0,4.0,3,4,4.0
124,Genesee,MI,1.2206831009999999,4.0,4.0,4.0,2,1,2.0
125,Manatee,FL,0.698658087,5.0,2.0,2.0,2,1,3.0
126,Mobile,AL,0.7589259429999999,5.0,3.0,1.0,2,1,5.0
127,St Lucie,FL,0.951514462,5.0,2.0,2.0,2,1,3.0
128,Northampton,PA,0.923831828,4.0,4.0,4.0,2,1,2.0
129,Hillsborough,NH,0.9957605509999999,5.0,4.0,4.0,2,1,5.0
130,Webb,TX,3.267706805,5.0,3.0,1.0,4,1,3.0
131,Fort Bend,TX,1.148306349,4.0,3.0,1.0,4,1,3.0
132,Sarasota,FL,0.786496086,5.0,2.0,2.0,2,1,3.0
133,Volusia,FL,0.7628367840000001,5.0,2.0,2.0,2,1,3.0
134,Jefferson,CO,1.163551098,4.0,4.0,1.0,4,1,2.0
135,Jackson,MO,0.7780617540000001,4.0,3.0,3.0,3,1,5.0
136,Salt Lake,UT,1.273972603,5.0,2.0,1.0,2,1,2.0
137,Mahoning,OH,1.070221576,4.0,1.0,1.0,2,1,3.0
138,Polk,IA,1.281435845,,5.0,5.0,5,1,2.0
139,Tulare,CA,0.8162232629999999,3.0,3.0,3.0,3,1,1.0
140,Charleston,SC,1.183661837,5.0,2.0,2.0,2,1,5.0
141,St Tammany,LA,0.30486718399999996,4.0,2.0,2.0,2,1,2.0
142,Escambia,FL,0.647025043,5.0,2.0,2.0,2,1,3.0
143,Yakima,WA,0.749754403,4.0,4.0,1.0,2,1,2.0
144,Atlantic,NJ,1.156272537,3.0,2.0,2.0,2,1,2.0
145,Anne Arundel,MD,1.049149122,5.0,2.0,1.0,2,1,2.0
146,Wake,NC,1.543925501,5.0,4.0,1.0,2,1,4.0
147,Monroe,NY,1.380796884,3.0,2.0,1.0,2,1,2.0
148,McKinley,NM,2.659874608,4.0,2.0,2.0,2,1,2.0
149,Summit,OH,1.198436077,4.0,1.0,1.0,2,1,3.0
150,Richland,SC,2.058358269,5.0,2.0,2.0,2,1,5.0
151,Adams,CO,1.205739117,4.0,4.0,1.0,4,1,2.0
152,Collier,FL,0.5794276389999999,5.0,2.0,2.0,2,1,3.0
153,Navajo,AZ,0.799873645,5.0,2.0,2.0,2,1,3.0
154,Contra Costa,CA,2.7535185760000003,3.0,3.0,3.0,3,1,1.0
155,Gloucester,NJ,0.990021319,3.0,2.0,2.0,2,1,2.0
156,Seminole,FL,0.9677549040000001,5.0,2.0,2.0,2,1,3.0
157,St Louis City,MO,5.00360023,5.0,3.0,3.0,3,1,5.0
158,Mohave,AZ,0.29949212399999997,5.0,2.0,2.0,2,1,3.0
159,Allen,IN,0.659859407,4.0,4.0,1.0,3,1,2.0
160,Henrico,VA,1.5693235540000001,5.0,4.0,4.0,2,4,2.0
161,Calcasieu,LA,0.48524662799999996,4.0,2.0,2.0,2,1,2.0
162,Pasco,FL,0.6343516229999999,5.0,2.0,2.0,2,1,3.0
163,Snohomish,WA,1.4442088030000002,4.0,4.0,1.0,2,1,2.0
164,Pierce,WA,1.175134855,4.0,4.0,1.0,2,1,2.0
165,Lackawanna,PA,1.074384094,5.0,4.0,4.0,2,1,2.0
166,Prince William,VA,1.57755748,5.0,4.0,4.0,2,4,2.0
167,Pinal,AZ,0.657685494,5.0,2.0,2.0,2,1,3.0
168,Oklahoma,OK,0.796876435,,5.0,5.0,2,1,2.0
169,Sussex,DE,0.628212295,4.0,4.0,4.0,2,1,1.0
170,Douglas,NE,1.052934482,,3.0,3.0,3,5,5.0
171,Spartanburg,SC,0.5243651429999999,5.0,2.0,2.0,2,1,5.0
172,Lake,FL,0.614925432,5.0,2.0,2.0,2,1,3.0
173,St Clair,IL,1.128098483,3.0,2.0,2.0,2,1,2.0
174,Horry,SC,0.44138070100000004,5.0,2.0,2.0,2,1,5.0
175,San Juan,NM,0.460352108,4.0,2.0,2.0,2,1,2.0
176,Florence,SC,0.9031887190000001,5.0,2.0,2.0,2,1,5.0
177,Sussex,NJ,0.5189249429999999,3.0,2.0,2.0,2,1,2.0
178,Montgomery,AL,1.732670647,5.0,3.0,1.0,2,1,5.0
179,Middlesex,CT,1.1669797,4.0,4.0,4.0,2,1,2.0
180,Guilford,NC,1.521975893,5.0,4.0,1.0,2,1,4.0
181,Luzerne,PA,0.666569235,5.0,4.0,4.0,2,1,2.0
182,Anderson,SC,0.375177835,5.0,2.0,2.0,2,1,5.0
183,Pulaski,AR,1.462265537,,5.0,5.0,2,1,3.0
184,Dougherty,GA,2.2782447219999997,3.0,2.0,2.0,2,1,3.0
185,El Paso,CO,0.6026402120000001,5.0,4.0,1.0,4,1,2.0
186,Lexington,SC,0.440231925,5.0,2.0,2.0,2,1,5.0
187,Bibb,GA,1.530050326,5.0,2.0,2.0,2,1,3.0
188,York,PA,0.533144529,5.0,4.0,4.0,2,1,2.0
189,Dauphin,PA,1.06314181,5.0,4.0,4.0,2,1,2.0
190,Bernalillo,NM,1.514467043,4.0,2.0,2.0,2,1,2.0
191,Spokane,WA,0.826614361,4.0,4.0,1.0,2,1,2.0
192,Montgomery,OH,0.9847226590000001,4.0,1.0,1.0,2,1,3.0
193,Onondaga,NY,1.3429568790000002,3.0,2.0,1.0,2,1,2.0
194,Tulsa,OK,0.6089575620000001,,5.0,5.0,2,5,5.0
195,Starr,TX,4.1767086330000005,5.0,3.0,1.0,4,1,3.0
196,Osceola,FL,1.698932427,5.0,2.0,2.0,2,1,3.0
197,Stark,OH,0.6926251170000001,4.0,1.0,1.0,2,1,3.0
198,Barnstable,MA,1.338841753,4.0,2.0,2.0,2,1,2.0
199,Chatham,GA,1.3633776919999998,4.0,2.0,2.0,2,1,3.0
200,Brazoria,TX,0.5934799629999999,5.0,3.0,1.0,4,1,3.0
201,Washoe,NV,1.027659934,5.0,4.0,4.0,2,1,3.0
202,Muscogee,GA,1.4772760969999998,5.0,2.0,2.0,2,1,3.0
203,Richmond,GA,1.995584808,5.0,2.0,2.0,2,1,3.0
204,Kent,MI,0.93590903,4.0,4.0,4.0,2,1,2.0
205,Johnson,KS,0.9444468690000001,4.0,2.0,2.0,2,4,4.0
206,Warren,NJ,0.578772858,3.0,2.0,2.0,2,1,2.0
207,Clayton,GA,6.185844207000001,5.0,2.0,2.0,2,1,3.0
208,Hinds,MS,2.674342235,5.0,4.0,4.0,3,4,4.0
209,Collin,TX,0.699573164,4.0,3.0,1.0,4,1,3.0
210,Apache,AZ,2.0731796119999997,5.0,2.0,2.0,2,1,3.0
211,Montgomery,TX,0.30492835,5.0,3.0,1.0,4,1,3.0
212,Galveston,TX,0.591916699,4.0,3.0,1.0,4,1,3.0
213,Hall,GA,0.312759747,5.0,2.0,2.0,2,1,3.0
214,Dutchess,NY,1.007508455,3.0,2.0,1.0,2,1,2.0
215,Winnebago,IL,1.001600029,3.0,2.0,2.0,2,1,2.0
216,Denton,TX,0.64998857,5.0,3.0,1.0,4,1,3.0
217,Cumberland,NJ,1.1356888729999999,3.0,2.0,2.0,2,1,2.0
218,Ventura,CA,1.469147465,3.0,3.0,3.0,3,1,1.0
219,Ada,ID,0.807204113,4.0,4.0,4.0,4,4,4.0
220,St Joseph,IN,1.0044405140000001,4.0,4.0,1.0,3,1,2.0
221,San Mateo,CA,4.106440643,3.0,3.0,3.0,3,1,1.0
222,Weld,CO,0.606893583,5.0,4.0,1.0,4,1,2.0
223,Ouachita,LA,0.5853261129999999,4.0,2.0,2.0,2,1,2.0
224,Martin,FL,0.567344561,5.0,2.0,2.0,2,1,3.0
225,Arlington,VA,4.558406817,5.0,4.0,4.0,2,4,2.0
226,Merced,CA,1.2991122720000001,3.0,3.0,3.0,3,1,1.0
227,Rapides,LA,0.497664059,4.0,2.0,2.0,2,1,2.0
228,Hampshire,MA,2.5409362090000003,4.0,2.0,2.0,2,1,2.0
229,Hernando,FL,0.539172461,5.0,2.0,2.0,2,1,3.0
230,Charlotte,FL,0.555398718,5.0,2.0,2.0,2,1,3.0
231,Madison,IL,0.717647893,3.0,2.0,2.0,2,1,2.0
232,Multnomah,OR,4.305280042,4.0,2.0,2.0,2,1,2.0
233,Lubbock,TX,0.42684803,5.0,3.0,1.0,4,1,3.0
234,Williamson,TX,0.8108279340000001,5.0,3.0,1.0,4,1,3.0
235,Saginaw,MI,0.976401504,4.0,4.0,4.0,2,1,2.0
236,Honolulu,HI,1.9451320769999998,4.0,4.0,4.0,4,1,4.0
237,Wyandotte,KS,1.907250411,4.0,2.0,2.0,2,4,4.0
238,Hendricks,IN,0.46755073799999997,4.0,4.0,1.0,3,1,2.0
239,Coconino,AZ,1.535152549,5.0,2.0,2.0,2,1,3.0
240,Anoka,MN,0.808879461,5.0,5.0,5.0,2,1,2.0
241,Jefferson,TX,0.990224441,5.0,3.0,1.0,4,1,3.0
242,Litchfield,CT,0.74975024,4.0,4.0,4.0,2,1,2.0
243,Maverick,TX,3.692116477,5.0,3.0,1.0,4,1,3.0
244,Frederick,MD,0.9495984679999999,5.0,2.0,1.0,2,1,2.0
245,Johnson,IN,0.380983809,4.0,4.0,1.0,3,1,2.0
246,Beaver,PA,0.675379409,5.0,4.0,4.0,2,1,2.0
247,Lafayette,LA,0.479888555,4.0,2.0,2.0,2,1,2.0
248,St Charles,MO,0.564126593,5.0,3.0,3.0,3,1,5.0
249,Trumbull,OH,0.8774069840000001,4.0,1.0,1.0,2,1,3.0
250,Monroe,PA,1.015934823,4.0,4.0,4.0,2,1,2.0
251,Dakota,MN,1.109456433,5.0,5.0,5.0,2,1,2.0
252,Benton,WA,0.5585455779999999,4.0,4.0,1.0,2,1,2.0
253,St Landry,LA,0.7832597509999999,4.0,2.0,2.0,2,1,2.0
254,Elkhart,IN,0.49537822200000003,4.0,4.0,1.0,3,1,2.0
255,Tuscaloosa,AL,0.6655491060000001,5.0,3.0,1.0,2,1,5.0
256,Lauderdale,MS,0.63519531,5.0,4.0,4.0,3,4,4.0
257,Orangeburg,SC,2.205850306,5.0,2.0,2.0,2,1,5.0
258,New London,CT,1.1520588999999999,4.0,4.0,4.0,2,1,2.0
259,Loudoun,VA,1.440978427,5.0,4.0,4.0,2,4,2.0
260,Washington,AR,0.804465233,,5.0,5.0,2,1,3.0
261,Sonoma,CA,3.120817772,3.0,3.0,3.0,3,1,1.0
262,Carroll,MD,0.456360045,5.0,2.0,1.0,2,1,2.0
263,Okaloosa,FL,0.330769338,5.0,2.0,2.0,2,1,3.0
264,Oneida,NY,0.6560063770000001,3.0,2.0,1.0,2,1,2.0
265,San Francisco,CA,9.156336234,3.0,3.0,3.0,3,1,1.0
266,Hunterdon,NJ,0.746486877,3.0,2.0,2.0,2,1,2.0
267,Bay,FL,0.35046789100000003,5.0,2.0,2.0,2,1,3.0
268,Marin,CA,4.993201966,3.0,3.0,3.0,3,1,1.0
269,Citrus,FL,0.41848464799999996,5.0,2.0,2.0,2,1,3.0
270,McLennan,TX,0.560774969,4.0,3.0,1.0,4,1,3.0
271,Albany,NY,1.7376490269999998,3.0,2.0,1.0,2,1,2.0
272,Lafourche,LA,0.263556432,4.0,2.0,2.0,2,1,2.0
273,Howard,MD,2.160664645,5.0,2.0,1.0,2,1,2.0
274,Tangipahoa,LA,0.49701110200000004,4.0,2.0,2.0,2,1,2.0
275,Linn,IA,1.217916925,,5.0,5.0,5,1,2.0
276,Val Verde,TX,1.1823429540000001,5.0,3.0,1.0,4,1,3.0
277,Hamilton,IN,0.655153082,4.0,4.0,1.0,3,1,2.0
278,Terrebonne,LA,0.33430505899999996,4.0,2.0,2.0,2,1,2.0
279,Indian River,FL,0.597346771,5.0,2.0,2.0,2,1,3.0
280,Kent,DE,0.9015976859999999,4.0,4.0,4.0,2,1,1.0
281,McHenry,IL,0.84906161,3.0,2.0,2.0,2,1,2.0
282,Smith,TX,0.378415069,5.0,3.0,1.0,4,1,3.0
283,Santa Barbara,CA,1.9008604630000001,3.0,3.0,3.0,3,1,1.0
284,Butler,OH,0.548179031,4.0,1.0,1.0,2,1,3.0
285,Washtenaw,MI,2.537635046,4.0,4.0,4.0,2,1,2.0
286,Kent,RI,0.985705342,5.0,2.0,2.0,2,4,4.0
287,Sedgwick,KS,0.6672256670000001,4.0,2.0,2.0,2,4,4.0
288,Clay,FL,0.37114309700000003,5.0,2.0,2.0,2,1,3.0
289,Bossier,LA,0.35634549200000004,4.0,2.0,2.0,2,1,2.0
290,Neshoba,MS,0.35356166200000005,5.0,4.0,4.0,3,4,4.0
291,Forsyth,NC,1.243356367,5.0,4.0,1.0,2,1,4.0
292,Rowan,NC,0.45316514799999996,5.0,4.0,1.0,2,1,4.0
293,Sumner,TN,0.362285304,5.0,4.0,4.0,3,4,4.0
294,Henry,GA,1.094764238,5.0,2.0,2.0,2,1,3.0
295,Rockingham,NH,0.884429555,5.0,4.0,4.0,2,1,5.0
296,St John the Baptist,LA,1.6727440880000002,4.0,2.0,2.0,2,1,2.0
297,Comal,TX,0.31544665,5.0,3.0,1.0,4,1,3.0
298,Rutherford,TN,0.568952957,5.0,4.0,4.0,3,4,4.0
299,Kings,CA,0.752611507,3.0,3.0,3.0,3,1,1.0
300,Marion,OR,0.911813434,4.0,2.0,2.0,2,1,2.0
301,Troup,GA,0.616698413,5.0,2.0,2.0,2,1,3.0
302,Canyon,ID,0.357524035,4.0,4.0,4.0,4,4,4.0
303,Benton,AR,0.46007129799999996,,5.0,5.0,2,1,3.0
304,Racine,WI,0.912059385,4.0,2.0,2.0,2,1,2.0
305,Hamilton,TN,0.7025770640000001,5.0,4.0,4.0,3,4,4.0
306,Virginia Beach City,VA,0.926779606,5.0,4.0,4.0,2,4,2.0
307,Charles,MD,1.926329351,5.0,2.0,1.0,2,1,2.0
308,Kanawha,WV,0.644538198,4.0,4.0,4.0,2,4,4.0
309,Highlands,FL,0.505225774,5.0,2.0,2.0,2,1,3.0
310,Gaston,NC,0.504498527,5.0,4.0,1.0,2,1,4.0
311,Waukesha,WI,0.55570758,4.0,2.0,2.0,2,1,2.0
312,Greene,MO,0.547549177,5.0,3.0,3.0,3,1,5.0
313,Kalamazoo,MI,1.3157502840000002,4.0,4.0,4.0,2,1,2.0
314,Acadia,LA,0.266420943,4.0,2.0,2.0,2,1,2.0
315,Glynn,GA,0.54736891,5.0,2.0,2.0,2,1,3.0
316,Cherokee,GA,0.312849508,5.0,2.0,2.0,2,1,3.0
317,Chesterfield,VA,0.953307073,5.0,4.0,4.0,2,4,2.0
318,Ascension,LA,0.45585590600000003,4.0,2.0,2.0,2,1,2.0
319,Cape May,NJ,0.659143641,3.0,2.0,2.0,2,1,2.0
320,Durham,NC,4.276895944,5.0,4.0,1.0,2,1,4.0
321,Jefferson,AR,1.7050810809999999,,5.0,5.0,2,1,3.0
322,Victoria,TX,0.416733255,5.0,3.0,1.0,4,1,3.0
323,Leon,FL,1.710633396,4.0,2.0,2.0,2,1,3.0
324,Black Hawk,IA,1.173132916,,5.0,5.0,5,1,2.0
325,Washington,MS,2.170099161,5.0,4.0,4.0,3,4,4.0
326,Madison,IN,0.574345194,4.0,4.0,1.0,3,1,2.0
327,Bell,TX,0.726970268,4.0,3.0,1.0,4,1,3.0
328,Iberia,LA,0.511792566,4.0,2.0,2.0,2,1,2.0
329,Newton,GA,1.049251662,5.0,2.0,2.0,2,1,3.0
330,Buncombe,NC,1.354224998,5.0,4.0,1.0,2,1,4.0
331,Northumberland,PA,0.38494513700000005,5.0,4.0,4.0,2,1,2.0
332,Berkeley,SC,0.688653643,5.0,2.0,2.0,2,1,5.0
333,Madison,MS,0.71972404,5.0,4.0,4.0,3,4,4.0
334,Bartow,GA,0.274547825,5.0,2.0,2.0,2,1,3.0
335,Minnehaha,SD,0.728064125,,,,2,4,
336,Dorchester,SC,0.687541087,5.0,2.0,2.0,2,1,5.0
337,Ector,TX,0.409632294,5.0,3.0,1.0,4,1,3.0
338,Walker,AL,0.185321025,5.0,3.0,1.0,2,1,5.0
339,Niagara,NY,0.684340178,3.0,2.0,1.0,2,1,2.0
340,York,SC,0.623078767,5.0,2.0,2.0,2,1,5.0
341,Beaufort,SC,0.748753553,5.0,2.0,2.0,2,1,5.0
342,Cumberland,NC,1.3967619230000001,5.0,4.0,1.0,2,1,4.0
343,Lorain,OH,1.00196055,4.0,1.0,1.0,2,1,3.0
344,Salem,NJ,0.7266955620000001,3.0,2.0,2.0,2,1,2.0
345,Madison,AL,0.7017649690000001,5.0,3.0,1.0,2,1,5.0
346,Sebastian,AR,0.42228859799999996,,5.0,5.0,2,1,3.0
347,Broome,NY,0.9577217109999999,3.0,2.0,1.0,2,1,2.0
348,Yavapai,AZ,0.49894854899999996,5.0,2.0,2.0,2,1,3.0
349,Houston,GA,0.6365509460000001,5.0,2.0,2.0,2,1,3.0
350,Angelina,TX,0.347886284,5.0,3.0,1.0,4,1,3.0
351,Rankin,MS,0.29908008,5.0,4.0,4.0,3,4,4.0
352,Columbiana,OH,0.392473797,4.0,1.0,1.0,2,1,3.0
353,Rock Island,IL,1.196310838,3.0,2.0,2.0,2,1,2.0
354,Cleveland,OK,0.620886501,,5.0,5.0,2,5,5.0
355,Aiken,SC,0.5530689839999999,5.0,2.0,2.0,2,1,5.0
356,Lowndes,GA,0.6962791770000001,5.0,2.0,2.0,2,1,3.0
357,Tallapoosa,AL,0.405987936,5.0,3.0,1.0,2,1,5.0
358,Robeson,NC,0.915904055,5.0,4.0,1.0,2,1,4.0
359,Santa Rosa,FL,0.282587735,5.0,2.0,2.0,2,1,3.0
360,Sumter,SC,1.28284876,5.0,2.0,2.0,2,1,5.0
361,Ulster,NY,1.238046227,3.0,2.0,1.0,2,1,2.0
362,Leflore,MS,2.4243462019999997,5.0,4.0,4.0,3,4,4.0
363,Knox,TN,0.594495448,5.0,4.0,4.0,3,4,4.0
364,Jackson,FL,0.448691871,5.0,2.0,2.0,2,1,3.0
365,St Mary,LA,0.560623999,4.0,2.0,2.0,2,1,2.0
366,Monterey,CA,2.55303052,3.0,3.0,3.0,3,1,1.0
367,Fayette,KY,1.226456217,5.0,5.0,5.0,2,1,2.0
368,Laurens,GA,0.544033519,5.0,2.0,2.0,2,1,3.0
369,Brown,WI,0.79411896,4.0,2.0,2.0,2,1,2.0
370,Boulder,CO,3.196782298,4.0,4.0,1.0,4,1,2.0
371,Woodbury,IA,0.655558701,,5.0,5.0,5,1,2.0
372,Cabarrus,NC,0.660008547,5.0,4.0,1.0,2,1,4.0
373,Wood,OH,0.840605576,4.0,1.0,1.0,2,1,3.0
374,Jones,MS,0.386976606,5.0,4.0,4.0,3,4,4.0
375,Harrison,MS,0.524582445,5.0,4.0,4.0,3,4,4.0
376,Norfolk City,VA,2.645833333,5.0,4.0,4.0,2,4,2.0
377,Gregg,TX,0.405958837,5.0,3.0,1.0,4,1,3.0
378,Guadalupe,TX,0.50204739,5.0,3.0,1.0,4,1,3.0
379,San Patricio,TX,0.604067536,5.0,3.0,1.0,4,1,3.0
380,Lee,MS,0.451350135,5.0,4.0,4.0,3,4,4.0
381,Sumter,FL,0.42931917299999994,5.0,2.0,2.0,2,1,3.0
382,Madison,TN,0.724068432,5.0,4.0,4.0,3,4,4.0
383,St Johns,FL,0.485983943,5.0,2.0,2.0,2,1,3.0
384,Kankakee,IL,0.754944486,3.0,2.0,2.0,2,1,2.0
385,Cass,ND,0.787648182,,,,2,1,3.0
386,De Soto,MS,0.477871382,5.0,4.0,4.0,3,4,4.0
387,Harford,MD,0.604636527,5.0,2.0,1.0,2,1,2.0
388,Livingston,LA,0.142348026,4.0,2.0,2.0,2,1,2.0
389,Yellowstone,MT,0.541813294,5.0,5.0,5.0,2,1,3.0
390,Suffolk City,VA,1.2929023659999999,5.0,4.0,4.0,2,4,2.0
391,Forrest,MS,0.7577776340000001,5.0,4.0,4.0,3,4,4.0
392,Berrien,MI,0.7631898979999999,4.0,4.0,4.0,2,1,2.0
393,Cumberland,PA,0.681640512,5.0,4.0,4.0,2,1,2.0
394,Jackson,MS,0.43584406299999995,5.0,4.0,4.0,3,4,4.0
395,Wayne,NC,0.790486565,5.0,4.0,1.0,2,1,4.0
396,Suwannee,FL,0.27745502899999996,5.0,2.0,2.0,2,1,3.0
397,Bolivar,MS,1.9708061000000001,5.0,4.0,4.0,3,4,4.0
398,Chesapeake City,VA,0.9737265709999999,5.0,4.0,4.0,2,4,2.0
399,East Feliciana,LA,0.760459688,4.0,2.0,2.0,2,1,2.0
400,Cleveland,NC,0.525439798,5.0,4.0,1.0,2,1,4.0
401,Carroll,GA,0.41506543700000004,5.0,2.0,2.0,2,1,3.0
402,Solano,CA,1.971494607,3.0,3.0,3.0,3,1,1.0
403,Greenwood,SC,0.631507576,5.0,2.0,2.0,2,1,5.0
404,Clark,WA,1.0034183970000001,4.0,4.0,1.0,2,1,2.0
405,Muskegon,MI,1.032579511,4.0,4.0,4.0,2,1,2.0
406,Tom Green,TX,0.33363643,5.0,3.0,1.0,4,1,3.0
407,Allen,OH,0.436054712,4.0,1.0,1.0,2,1,3.0
408,Cochise,AZ,0.6211732879999999,5.0,2.0,2.0,2,1,3.0
409,Alexandria City,VA,4.308769289,5.0,4.0,4.0,2,4,2.0
410,Ellis,TX,0.361651944,5.0,3.0,1.0,4,1,3.0
411,Delaware,IN,0.748176235,4.0,4.0,1.0,3,1,2.0
412,Madera,CA,0.7290747959999999,3.0,3.0,3.0,3,1,1.0
413,Potter,TX,0.390066225,5.0,3.0,1.0,4,1,3.0
414,Habersham,GA,0.188248673,5.0,2.0,2.0,2,1,3.0
415,Monroe,MS,0.543326448,5.0,4.0,4.0,3,4,4.0
416,Douglas,GA,1.249345207,5.0,2.0,2.0,2,1,3.0
417,Washington,RI,1.239111274,5.0,2.0,2.0,2,4,4.0
418,Franklin,MA,2.3618294090000003,4.0,2.0,2.0,2,1,2.0
419,Jefferson,MO,0.457268671,4.0,3.0,3.0,3,1,5.0
420,Alachua,FL,1.618909339,4.0,2.0,2.0,2,1,3.0
421,Ottawa,MI,0.508359049,4.0,4.0,4.0,2,1,2.0
422,Columbia,FL,0.373183425,5.0,2.0,2.0,2,1,3.0
423,Cumberland,ME,1.784487688,5.0,2.0,2.0,1,1,4.0
424,Hays,TX,0.982203039,5.0,3.0,1.0,4,1,3.0
425,Schuylkill,PA,0.381127702,5.0,4.0,4.0,2,1,2.0
426,Midland,TX,0.271143808,5.0,3.0,1.0,4,1,3.0
427,Kenosha,WI,0.992949341,4.0,2.0,2.0,2,1,2.0
428,Howard,IN,0.47370644100000003,4.0,4.0,1.0,3,1,2.0
429,Thomas,GA,0.636088351,5.0,2.0,2.0,2,1,3.0
430,Washington,OR,1.8420255540000001,4.0,2.0,2.0,2,1,2.0
431,Vermilion,LA,0.242087425,4.0,2.0,2.0,2,1,2.0
432,Upson,GA,0.47654964299999997,5.0,2.0,2.0,2,1,3.0
433,Floyd,IN,0.650662561,4.0,4.0,1.0,3,1,2.0
434,Clarendon,SC,1.046845383,5.0,2.0,2.0,2,1,5.0
435,Washington,LA,0.453329086,4.0,2.0,2.0,2,1,2.0
436,Wayne,OH,0.46578865799999997,4.0,1.0,1.0,2,1,3.0
437,Tolland,CT,1.126103995,4.0,4.0,4.0,2,1,2.0
438,Franklin,WA,0.672875965,4.0,4.0,1.0,2,1,2.0
439,Utah,UT,0.279129397,,2.0,1.0,2,1,2.0
440,Portage,OH,0.8105126220000001,4.0,1.0,1.0,2,1,3.0
441,Bowie,TX,0.354597978,5.0,3.0,1.0,4,1,3.0
442,Lee,AL,0.613282491,5.0,3.0,1.0,2,1,5.0
443,Steuben,NY,0.466848049,3.0,2.0,1.0,2,1,2.0
444,Baldwin,AL,0.253255217,5.0,3.0,1.0,2,1,5.0
445,Sumter,GA,1.046247157,5.0,2.0,2.0,2,1,3.0
446,Nacogdoches,TX,0.463475729,5.0,3.0,1.0,4,1,3.0
447,Westmoreland,PA,0.512083555,5.0,4.0,4.0,2,1,2.0
448,Licking,OH,0.534259675,4.0,1.0,1.0,2,1,3.0
449,Brazos,TX,0.596855801,4.0,3.0,1.0,4,1,3.0
450,Lebanon,PA,0.467686613,5.0,4.0,4.0,2,1,2.0
451,Clackamas,OR,1.155025342,4.0,2.0,2.0,2,1,2.0
452,Shawnee,KS,0.944119775,5.0,2.0,2.0,2,4,4.0
453,Harnett,NC,0.6061055989999999,5.0,4.0,1.0,2,1,4.0
454,Clark,IN,0.626202763,4.0,4.0,1.0,3,1,2.0
455,Walton,GA,0.266409639,5.0,2.0,2.0,2,1,3.0
456,Henderson,NC,0.55368762,5.0,4.0,1.0,2,1,4.0
457,Burleigh,ND,0.334470675,,,,2,1,3.0
458,Santa Cruz,AZ,2.999743392,5.0,2.0,2.0,2,1,3.0
459,Putnam,NY,0.716622262,3.0,2.0,1.0,2,1,2.0
460,St Charles,LA,0.514950966,4.0,2.0,2.0,2,1,2.0
461,Douglas,CO,0.669347684,4.0,4.0,1.0,4,1,2.0
462,Portsmouth City,VA,2.227198124,5.0,4.0,4.0,2,4,2.0
463,Whitfield,GA,0.36852857899999997,5.0,2.0,2.0,2,1,3.0
464,Dona Ana,NM,1.495507212,4.0,2.0,2.0,2,1,2.0
465,Darlington,SC,0.9265461340000001,5.0,2.0,2.0,2,1,5.0
466,Avoyelles,LA,0.45096283,4.0,2.0,2.0,2,1,2.0
467,Wilson,NC,1.121613142,5.0,4.0,1.0,2,1,4.0
468,Baldwin,GA,1.035468364,5.0,2.0,2.0,2,1,3.0
469,Taylor,TX,0.303308271,5.0,3.0,1.0,4,1,3.0
470,Gila,AZ,0.49379495100000004,5.0,2.0,2.0,2,1,3.0
471,Spalding,GA,0.598044229,5.0,2.0,2.0,2,1,3.0
472,Columbia,GA,0.438366021,5.0,2.0,2.0,2,1,3.0
473,St Clair,MI,0.500560641,4.0,4.0,4.0,2,1,2.0
474,Richmond City,VA,5.215262178,5.0,4.0,4.0,2,4,2.0
475,Washington,MN,1.041255355,5.0,5.0,5.0,2,1,2.0
476,Ware,GA,0.404087866,5.0,2.0,2.0,2,1,3.0
477,St Martin,LA,0.489895099,4.0,2.0,2.0,2,1,2.0
478,Warrick,IN,0.475383247,4.0,4.0,1.0,3,1,2.0
479,Bartholomew,IN,0.476792636,4.0,4.0,1.0,3,1,2.0
480,Jasper,MO,0.301454234,5.0,3.0,3.0,3,1,5.0
481,Lowndes,MS,0.890588501,5.0,4.0,4.0,3,4,4.0
482,Union,NC,0.51474358,5.0,4.0,1.0,2,1,4.0
483,Chatham,NC,1.2315112540000002,5.0,4.0,1.0,2,1,4.0
484,Jackson,MI,0.648229588,4.0,4.0,4.0,2,1,2.0
485,Tift,GA,0.45356844700000004,5.0,2.0,2.0,2,1,3.0
486,Shelby,AL,0.314667214,5.0,3.0,1.0,2,1,5.0
487,Walker,TX,0.472756908,5.0,3.0,1.0,4,1,3.0
488,Holmes,MS,5.110007639,5.0,4.0,4.0,3,4,4.0
489,Wapello,IA,0.641881813,,5.0,5.0,5,1,2.0
490,Johnson,TX,0.247577847,5.0,3.0,1.0,4,1,3.0
491,Hale,TX,0.330034559,5.0,3.0,1.0,4,1,3.0
492,Alamance,NC,0.768594615,5.0,4.0,1.0,2,1,4.0
493,Paulding,GA,0.403586942,5.0,2.0,2.0,2,1,3.0
494,Shenandoah,VA,0.374130836,5.0,4.0,4.0,2,4,2.0
495,Warren,OH,0.43442422399999997,4.0,1.0,1.0,2,1,3.0
496,Peoria,IL,1.068111021,3.0,2.0,2.0,2,1,2.0
497,Calhoun,AL,0.40292104100000004,5.0,3.0,1.0,2,1,5.0
498,St Marys,MD,0.611729407,5.0,2.0,1.0,2,1,2.0
499,Johnston,NC,0.52162878,5.0,4.0,1.0,2,1,4.0
500,Columbus,NC,0.635019619,5.0,4.0,1.0,2,1,4.0
501,Coweta,GA,0.389885501,5.0,2.0,2.0,2,1,3.0
502,Laurens,SC,0.528603711,5.0,2.0,2.0,2,1,5.0
503,Iberville,LA,1.13715847,4.0,2.0,2.0,2,1,2.0
504,Grayson,TX,0.291606511,5.0,3.0,1.0,4,1,3.0
505,La Salle,IL,0.732249241,3.0,2.0,2.0,2,1,2.0
506,Catawba,NC,0.439036504,5.0,4.0,1.0,2,1,4.0
507,Muscatine,IA,0.87312187,,5.0,5.0,5,1,2.0
508,Orange,NC,3.2291318639999997,5.0,4.0,1.0,2,1,4.0
509,Garland,AR,0.47192088,,5.0,5.0,2,1,3.0
510,Randolph,NC,0.26692292100000004,5.0,4.0,1.0,2,1,4.0
511,Stanly,NC,0.322983063,5.0,4.0,1.0,2,1,4.0
512,Warren,KY,0.591706483,5.0,5.0,5.0,2,1,2.0
513,Mississippi,AR,0.803002408,,5.0,5.0,2,1,3.0
514,Lake,OH,0.722076103,4.0,1.0,1.0,2,1,3.0
515,Ingham,MI,1.803364639,4.0,4.0,4.0,2,1,2.0
516,Coffee,GA,0.42699207299999997,5.0,2.0,2.0,2,1,3.0
517,Fairfield,OH,0.561470416,4.0,1.0,1.0,2,1,3.0
518,Lancaster,SC,0.582317973,5.0,2.0,2.0,2,1,5.0
519,Wharton,TX,0.41757808700000004,5.0,3.0,1.0,4,1,3.0
520,Yolo,CA,2.6400501469999997,3.0,3.0,3.0,3,1,1.0
521,Williamson,IL,0.39782104799999995,3.0,2.0,2.0,2,1,2.0
522,Nash,NC,0.996397787,5.0,4.0,1.0,2,1,4.0
523,Miami,OH,0.35383909999999996,4.0,1.0,1.0,2,1,3.0
524,St Louis,MN,1.2944432,5.0,5.0,5.0,2,1,2.0
525,Bay,MI,0.7639791020000001,4.0,4.0,4.0,2,1,2.0
526,Orleans,NY,0.40874177,3.0,2.0,1.0,2,1,2.0
527,Willacy,TX,2.212023271,5.0,3.0,1.0,4,1,3.0
528,Vernon,LA,0.197832381,4.0,2.0,2.0,2,1,2.0
529,Toombs,GA,0.35343915299999995,5.0,2.0,2.0,2,1,3.0
530,Larimer,CO,1.116061369,5.0,4.0,1.0,4,1,2.0
531,Pearl River,MS,0.20267686399999998,5.0,4.0,4.0,3,4,4.0
532,Pike,MS,1.0042452240000002,5.0,4.0,4.0,3,4,4.0
533,Lincoln,MS,0.42255924200000006,5.0,4.0,4.0,3,4,4.0
534,Oktibbeha,MS,1.032999067,5.0,4.0,4.0,3,4,4.0
535,Duplin,NC,0.6779896870000001,5.0,4.0,1.0,2,1,4.0
536,Monroe,GA,0.40432518100000003,5.0,2.0,2.0,2,1,3.0
537,Warren,MS,0.950547763,5.0,4.0,4.0,3,4,4.0
538,Franklin,PA,0.35092830700000005,5.0,4.0,4.0,2,1,2.0
539,Rogers,OK,0.255620613,,5.0,5.0,2,5,5.0
540,Pickens,SC,0.28573794,5.0,2.0,2.0,2,1,5.0
541,Sangamon,IL,0.8190573440000001,3.0,2.0,2.0,2,1,2.0
542,Liberty,TX,0.257357612,5.0,3.0,1.0,4,1,3.0
543,Erie,OH,0.817233306,4.0,1.0,1.0,2,1,3.0
544,Placer,CA,0.772656562,3.0,3.0,3.0,3,1,1.0
545,Edgecombe,NC,1.963926885,5.0,4.0,1.0,2,1,4.0
546,Elmore,AL,0.30552942,5.0,3.0,1.0,2,1,5.0
547,Fayette,GA,0.66434604,5.0,2.0,2.0,2,1,3.0
548,Wilson,TN,0.365045932,5.0,4.0,4.0,3,4,4.0
549,Clark,OH,0.662633149,4.0,1.0,1.0,2,1,3.0
550,Allen,LA,0.306684142,4.0,2.0,2.0,2,1,2.0
551,Matagorda,TX,0.41836002899999997,5.0,3.0,1.0,4,1,3.0
552,La Porte,IN,0.8726583509999999,4.0,4.0,1.0,3,1,2.0
553,Boone,IN,0.518011601,4.0,4.0,1.0,3,1,2.0
554,Montgomery,TN,0.670944003,5.0,4.0,4.0,3,4,4.0
555,Kaufman,TX,0.34738229600000003,5.0,3.0,1.0,4,1,3.0
556,Putnam,TN,0.360540996,5.0,4.0,4.0,3,4,4.0
557,Calhoun,MI,0.7670349909999999,4.0,4.0,4.0,2,1,2.0
558,Dale,AL,0.319597335,5.0,3.0,1.0,2,1,5.0
559,Floyd,GA,0.379820851,5.0,2.0,2.0,2,1,3.0
560,Crittenden,AR,1.207639288,,5.0,5.0,2,1,3.0
561,Berkshire,MA,2.5959973869999997,4.0,2.0,2.0,2,1,2.0
562,Gadsden,FL,2.232461356,5.0,2.0,2.0,2,1,3.0
563,Craven,NC,0.6357506039999999,5.0,4.0,1.0,2,1,4.0
564,Geauga,OH,0.581235319,4.0,1.0,1.0,2,1,3.0
565,Darke,OH,0.22336598,4.0,1.0,1.0,2,1,3.0
566,Dubuque,IA,0.973998295,,5.0,5.0,5,1,2.0
567,Granville,NC,0.9498197340000001,5.0,4.0,1.0,2,1,4.0
568,Butte,CA,0.920764664,3.0,3.0,3.0,3,1,1.0
569,Nassau,FL,0.317194887,5.0,2.0,2.0,2,1,3.0
570,Newport News City,VA,1.791188943,5.0,4.0,4.0,2,4,2.0
571,Union,LA,0.33755644799999995,4.0,2.0,2.0,2,1,2.0
572,Kenton,KY,0.563666837,5.0,5.0,5.0,2,1,2.0
573,Wicomico,MD,0.813136319,5.0,2.0,1.0,2,1,2.0
574,Whatcom,WA,1.4862435040000002,4.0,4.0,1.0,2,1,2.0
575,Sunflower,MS,2.40694345,5.0,4.0,4.0,3,4,4.0
576,Kleberg,TX,1.079917564,5.0,3.0,1.0,4,1,3.0
577,Porter,IN,0.8672229090000001,4.0,4.0,1.0,3,1,2.0
578,Schenectady,NY,1.165578697,3.0,2.0,1.0,2,1,2.0
579,Winnebago,WI,0.8528355740000001,4.0,2.0,2.0,2,1,2.0
580,Lincoln,LA,0.66044048,4.0,2.0,2.0,2,1,2.0
581,Macon,IL,0.682758877,3.0,2.0,2.0,2,1,2.0
582,Simpson,MS,0.524009198,5.0,4.0,4.0,3,4,4.0
583,Clarke,MS,0.503211991,5.0,4.0,4.0,3,4,4.0
584,Etowah,AL,0.32275214,5.0,3.0,1.0,2,1,5.0
585,Vanderburgh,IN,0.7045140259999999,4.0,4.0,1.0,3,1,2.0
586,Forsyth,GA,0.335886387,5.0,2.0,2.0,2,1,3.0
587,Greene,TN,0.227130697,5.0,4.0,4.0,3,4,4.0
588,Morgan,CO,0.386863106,5.0,4.0,1.0,4,1,2.0
589,Medina,TX,0.38345055899999997,5.0,3.0,1.0,4,1,3.0
590,Cherokee,SC,0.401661502,5.0,2.0,2.0,2,1,5.0
591,Washington,TX,0.308999543,5.0,3.0,1.0,4,1,3.0
592,Marion,OH,0.46742527,4.0,1.0,1.0,2,1,3.0
593,Hall,NE,0.436007773,,3.0,3.0,3,5,5.0
594,Ashtabula,OH,0.6680247020000001,4.0,1.0,1.0,2,1,3.0
595,Barrow,GA,0.31173015,5.0,2.0,2.0,2,1,3.0
596,Randall,TX,0.19251300000000002,5.0,3.0,1.0,4,1,3.0
597,Clay,MO,0.78822465,4.0,3.0,3.0,3,1,5.0
598,Georgetown,SC,0.7654264190000001,5.0,2.0,2.0,2,1,5.0
599,Hancock,IN,0.35510887799999996,4.0,4.0,1.0,3,1,2.0
600,Outagamie,WI,0.7635113459999999,4.0,2.0,2.0,2,1,2.0
601,Williamson,TN,0.454656072,5.0,4.0,4.0,3,4,4.0
602,Columbia,NY,1.111078802,3.0,2.0,1.0,2,1,2.0
603,Marshall,AL,0.16820032199999999,5.0,3.0,1.0,2,1,5.0
604,Union,AR,0.55996557,,5.0,5.0,2,1,3.0
605,Dane,WI,3.0517543739999997,4.0,2.0,2.0,2,1,2.0
606,Mitchell,GA,0.816312222,5.0,2.0,2.0,2,1,3.0
607,Orange,TX,0.22478736300000002,5.0,3.0,1.0,4,1,3.0
608,Pickaway,OH,0.382349496,4.0,1.0,1.0,2,1,3.0
609,Putnam,FL,0.455958081,5.0,2.0,2.0,2,1,3.0
610,Spotsylvania,VA,0.699159518,5.0,4.0,4.0,2,4,2.0
611,Clarke,GA,2.32782889,5.0,2.0,2.0,2,1,3.0
612,Vance,NC,1.6678941630000002,5.0,4.0,1.0,2,1,4.0
613,Williamsburg,SC,2.0462582240000002,5.0,2.0,2.0,2,1,5.0
614,Tazewell,IL,0.534399463,3.0,2.0,2.0,2,1,2.0
615,Rutherford,NC,0.34346852,5.0,4.0,1.0,2,1,4.0
616,Morton,ND,0.27170077600000003,,,,2,1,3.0
617,Burke,NC,0.428805549,5.0,4.0,1.0,2,1,4.0
618,Kootenai,ID,0.365902495,4.0,4.0,4.0,4,4,4.0
619,Hancock,GA,3.204033215,5.0,2.0,2.0,2,1,3.0
620,Dillon,SC,1.034947667,5.0,2.0,2.0,2,1,5.0
621,Franklin,LA,0.384709856,4.0,2.0,2.0,2,1,2.0
622,Dakota,NE,0.639933628,,3.0,3.0,3,5,5.0
623,Colleton,SC,0.83896161,5.0,2.0,2.0,2,1,5.0
624,Sandoval,NM,1.069561861,4.0,2.0,2.0,2,1,2.0
625,Butts,GA,0.382015781,5.0,2.0,2.0,2,1,3.0
626,Hendry,FL,0.744955609,5.0,2.0,2.0,2,1,3.0
627,Morgan,IN,0.255132213,4.0,4.0,1.0,3,1,2.0
628,Logan,WV,0.211377185,4.0,4.0,4.0,2,4,4.0
629,Lamar,TX,0.246068265,5.0,3.0,1.0,4,1,3.0
630,Hamblen,TN,0.256984297,5.0,4.0,4.0,3,4,4.0
631,Jim Wells,TX,1.235055351,5.0,3.0,1.0,4,1,3.0
632,Chambers,AL,0.7374729059999999,5.0,3.0,1.0,2,1,5.0
633,Pottawattamie,IA,0.628093427,,5.0,5.0,5,1,2.0
634,Pennington,SD,0.472218494,,,,2,4,
635,Walker,GA,0.222427441,5.0,2.0,2.0,2,1,3.0
636,Dallas,IA,0.8118827240000001,,5.0,5.0,5,1,2.0
637,Jefferson Davis,LA,0.28584686800000003,4.0,2.0,2.0,2,1,2.0
638,Umatilla,OR,0.449791899,4.0,2.0,2.0,2,1,2.0
639,Hunt,TX,0.267503137,5.0,3.0,1.0,4,1,3.0
640,Davidson,NC,0.333394701,5.0,4.0,1.0,2,1,4.0
641,West Baton Rouge,LA,0.777104085,4.0,2.0,2.0,2,1,2.0
642,Stephens,GA,0.239005985,5.0,2.0,2.0,2,1,3.0
643,Grant,IN,0.412158984,4.0,4.0,1.0,3,1,2.0
644,Rensselaer,NY,0.9700824290000001,3.0,2.0,1.0,2,1,2.0
645,Clay,MN,0.9577641590000001,5.0,5.0,5.0,2,1,2.0
646,St Clair,AL,0.176582099,5.0,3.0,1.0,2,1,5.0
647,De Witt,TX,0.21072658100000002,5.0,3.0,1.0,4,1,3.0
648,Monroe,IN,1.6616161619999998,4.0,4.0,1.0,3,1,2.0
649,Kershaw,SC,0.58887242,5.0,2.0,2.0,2,1,5.0
650,Parker,TX,0.17954511199999998,5.0,3.0,1.0,4,1,3.0
651,Decatur,IN,0.249823322,4.0,4.0,1.0,3,1,2.0
652,De Kalb,IL,1.072023467,3.0,2.0,2.0,2,1,2.0
653,Medina,OH,0.587155629,4.0,1.0,1.0,2,1,3.0
654,Marion,MS,0.469244513,5.0,4.0,4.0,3,4,4.0
655,Lafayette,MS,0.7329838120000001,3.0,4.0,4.0,3,4,4.0
656,Washington,MD,0.5153666029999999,5.0,2.0,1.0,2,1,2.0
657,Sullivan,TN,0.267736648,5.0,4.0,4.0,3,4,4.0
658,Washington,TN,0.38024057,5.0,4.0,4.0,3,4,4.0
659,Twin Falls,ID,0.31435344,4.0,4.0,4.0,4,4,4.0
660,Adams,MS,1.320565203,5.0,4.0,4.0,3,4,4.0
661,Jefferson,IL,0.37836682299999996,3.0,2.0,2.0,2,1,2.0
662,Anchorage,AK,1.898033836,3.0,3.0,3.0,3,1,2.0
663,Washington,OK,0.318988942,,5.0,5.0,2,5,5.0
664,Washington,WI,0.40315877,4.0,2.0,2.0,2,1,2.0
665,Hanover,VA,0.489073934,5.0,4.0,4.0,2,4,2.0
666,Chesterfield,SC,0.736469072,5.0,2.0,2.0,2,1,5.0
667,St James,LA,1.176319648,4.0,2.0,2.0,2,1,2.0
668,Pointe Coupee,LA,0.7017233759999999,4.0,2.0,2.0,2,1,2.0
669,Butler,AL,0.76025301,5.0,3.0,1.0,2,1,5.0
670,Rockdale,GA,1.7254043630000002,5.0,2.0,2.0,2,1,3.0
671,Hopkins,KY,0.282123454,5.0,5.0,5.0,2,1,2.0
672,Tishomingo,MS,0.139408317,5.0,4.0,4.0,3,4,4.0
673,Jackson,GA,0.206160485,5.0,2.0,2.0,2,1,3.0
674,Leake,MS,0.7494772059999999,5.0,4.0,4.0,3,4,4.0
675,Gordon,GA,0.209400303,5.0,2.0,2.0,2,1,3.0
676,Tate,MS,0.523815877,5.0,4.0,4.0,3,4,4.0
677,Robertson,TN,0.341937146,5.0,4.0,4.0,3,4,4.0
678,Greene,IN,0.285005352,4.0,4.0,1.0,3,1,2.0
679,Columbia,PA,0.49622306200000005,5.0,4.0,4.0,2,1,2.0
680,Lauderdale,AL,0.35671529399999996,5.0,3.0,1.0,2,1,5.0
681,Chittenden,VT,2.9468308160000003,4.0,4.0,4.0,2,1,4.0
682,Pueblo,CO,0.989245829,5.0,4.0,1.0,4,1,2.0
683,Beauregard,LA,0.19553848699999998,4.0,2.0,2.0,2,1,2.0
684,Greene,OH,0.596271117,4.0,1.0,1.0,2,1,3.0
685,Erie,PA,0.9674207990000001,4.0,4.0,4.0,2,1,2.0
686,Danville City,VA,1.5143091880000001,5.0,4.0,4.0,2,4,2.0
687,Lamar,MS,0.276785238,5.0,4.0,4.0,3,4,4.0
688,Montgomery,NC,0.582047686,5.0,4.0,1.0,2,1,4.0
689,Lapeer,MI,0.42394380299999995,4.0,4.0,4.0,2,1,2.0
690,Coles,IL,0.562101054,3.0,2.0,2.0,2,1,2.0
691,Anderson,TX,0.255207939,5.0,3.0,1.0,4,1,3.0
692,Washington,UT,0.241219226,,2.0,1.0,2,1,2.0
693,Buchanan,MO,0.563461538,5.0,3.0,3.0,3,1,5.0
694,Bee,TX,0.7259696459999999,5.0,3.0,1.0,4,1,3.0
695,Lyon,KS,0.709554335,5.0,2.0,2.0,2,4,4.0
696,Rock,WI,1.249460112,4.0,2.0,2.0,2,1,2.0
697,Grenada,MS,0.741038526,5.0,4.0,4.0,3,4,4.0
698,Shelby,IN,0.333936153,4.0,4.0,1.0,3,1,2.0
699,Caldwell,TX,0.716634285,5.0,3.0,1.0,4,1,3.0
700,Fairfield,SC,1.72460889,5.0,2.0,2.0,2,1,5.0
701,Sullivan,NY,0.78890214,3.0,2.0,1.0,2,1,2.0
702,Colquitt,GA,0.34986866,5.0,2.0,2.0,2,1,3.0
703,Broomfield,CO,1.373355607,5.0,4.0,1.0,4,1,2.0
704,Okeechobee,FL,0.42315091899999996,5.0,2.0,2.0,2,1,3.0
705,Davis,UT,0.462495379,,2.0,1.0,2,1,2.0
706,Evangeline,LA,0.406177606,4.0,2.0,2.0,2,1,2.0
707,McCurtain,OK,0.208179298,,5.0,5.0,2,5,5.0
708,Moore,NC,0.53555264,5.0,4.0,1.0,2,1,4.0
709,Creek,OK,0.270730012,,5.0,5.0,2,5,5.0
710,Uvalde,TX,0.799793175,5.0,3.0,1.0,4,1,3.0
711,Clermont,OH,0.395672265,4.0,1.0,1.0,2,1,3.0
712,Harrison,TX,0.381407008,5.0,3.0,1.0,4,1,3.0
713,Cecil,MD,0.472841901,5.0,2.0,1.0,2,1,2.0
714,Haywood,NC,0.5532780389999999,5.0,4.0,1.0,2,1,4.0
715,Walworth,WI,0.648365741,4.0,2.0,2.0,2,1,2.0
716,Panola,MS,0.9975835679999999,5.0,4.0,4.0,3,4,4.0
717,Pope,AR,0.30757874,,5.0,5.0,2,1,3.0
718,Wilkes,NC,0.279471202,5.0,4.0,1.0,2,1,4.0
719,Gibson,TN,0.38140142200000005,5.0,4.0,4.0,3,4,4.0
720,Marshall,IA,0.836649902,,5.0,5.0,5,1,2.0
721,Lavaca,TX,0.159248673,5.0,3.0,1.0,4,1,3.0
722,Emanuel,GA,0.456419869,5.0,2.0,2.0,2,1,3.0
723,Tama,IA,0.642928988,,5.0,5.0,5,1,2.0
724,New Hanover,NC,0.921129662,5.0,4.0,1.0,2,1,4.0
725,Copiah,MS,1.104538751,5.0,4.0,4.0,3,4,4.0
726,Independence,AR,0.289955717,,5.0,5.0,2,1,3.0
727,Pitt,NC,1.171836037,5.0,4.0,1.0,2,1,4.0
728,Coahoma,MS,2.629018961,5.0,4.0,4.0,3,4,4.0
729,Newberry,SC,0.6206449039999999,5.0,2.0,2.0,2,1,5.0
730,Lee,SC,1.85479843,5.0,2.0,2.0,2,1,5.0
731,De Soto,LA,0.640183441,4.0,2.0,2.0,2,1,2.0
732,Harrisonburg City,VA,1.630788885,5.0,4.0,4.0,2,4,2.0
733,Franklin,MO,0.348320632,5.0,3.0,3.0,3,1,5.0
734,Beaufort,NC,0.6026266929999999,5.0,4.0,1.0,2,1,4.0
735,Marion,SC,1.574026451,5.0,2.0,2.0,2,1,5.0
736,Bamberg,SC,1.768602541,5.0,2.0,2.0,2,1,5.0
737,Jasper,IA,0.673200758,,5.0,5.0,5,1,2.0
738,Malheur,OR,0.312204615,4.0,2.0,2.0,2,1,2.0
739,Mecklenburg,VA,0.75832529,5.0,4.0,4.0,2,4,2.0
740,Iredell,NC,0.451729554,5.0,4.0,1.0,2,1,4.0
741,Webster,LA,0.5423670070000001,4.0,2.0,2.0,2,1,2.0
742,Appling,GA,0.261012013,5.0,2.0,2.0,2,1,3.0
743,Decatur,GA,0.6850498340000001,5.0,2.0,2.0,2,1,3.0
744,Lenoir,NC,0.92808345,5.0,4.0,1.0,2,1,4.0
745,Hertford,NC,2.229751533,5.0,4.0,1.0,2,1,4.0
746,Maury,TN,0.421782428,5.0,4.0,4.0,3,4,4.0
747,Noble,IN,0.32005246800000003,4.0,4.0,1.0,3,1,2.0
748,Titus,TX,0.39886346200000006,5.0,3.0,1.0,4,1,3.0
749,Tuscola,MI,0.43439363799999997,4.0,4.0,4.0,2,1,2.0
750,Grimes,TX,0.31054494,5.0,3.0,1.0,4,1,3.0
751,Atascosa,TX,0.539684382,5.0,3.0,1.0,4,1,3.0
752,Talladega,AL,0.587998448,5.0,3.0,1.0,2,1,5.0
753,Scott,MN,0.713477521,5.0,5.0,5.0,2,1,2.0
754,Taney,MO,0.239275553,5.0,3.0,3.0,3,1,5.0
755,Hardin,TX,0.141793329,5.0,3.0,1.0,4,1,3.0
756,Early,GA,0.849529781,5.0,2.0,2.0,2,1,3.0
757,Jasper,TX,0.24413234,5.0,3.0,1.0,4,1,3.0
758,Bienville,LA,0.8330670929999999,4.0,2.0,2.0,2,1,2.0
759,Hood,TX,0.18744738600000002,5.0,3.0,1.0,4,1,3.0
760,Yazoo,MS,1.167681601,5.0,4.0,4.0,3,4,4.0
761,Pasquotank,NC,1.053178484,5.0,4.0,1.0,2,1,4.0
762,Daviess,IN,0.21064950300000002,4.0,4.0,1.0,3,1,2.0
763,Shiawassee,MI,0.652418097,4.0,4.0,4.0,2,1,2.0
764,Lawrence,IN,0.299964375,4.0,4.0,1.0,3,1,2.0
765,Flagler,FL,0.650694239,5.0,2.0,2.0,2,1,3.0
766,White,AR,0.24529107600000002,,5.0,5.0,2,1,3.0
767,Craighead,AR,0.46033548799999996,,5.0,5.0,2,1,3.0
768,St Bernard,LA,0.48451694799999995,4.0,2.0,2.0,2,1,2.0
769,Worth,GA,0.328348505,5.0,2.0,2.0,2,1,3.0
770,Hardeman,TN,0.850782679,5.0,4.0,4.0,3,4,4.0
771,Terrell,GA,1.209711846,5.0,2.0,2.0,2,1,3.0
772,San Luis Obispo,CA,1.194840111,3.0,3.0,3.0,3,1,1.0
773,Morgan,AL,0.300218748,5.0,3.0,1.0,2,1,5.0
774,Weber,UT,0.574897477,,2.0,1.0,2,1,2.0
775,McMinn,TN,0.238921789,5.0,4.0,4.0,3,4,4.0
776,Carter,TN,0.20434370899999998,5.0,4.0,4.0,3,4,4.0
777,Roanoke City,VA,1.506930827,5.0,4.0,4.0,2,4,2.0
778,Wood,TX,0.167515924,5.0,3.0,1.0,4,1,3.0
779,Bulloch,GA,0.613433132,5.0,2.0,2.0,2,1,3.0
780,Scott,IA,1.0329765770000001,,5.0,5.0,5,1,2.0
781,Sarpy,NE,0.620982212,,3.0,3.0,3,5,5.0
782,Livingston,MI,0.523507917,4.0,4.0,4.0,2,1,2.0
783,Vigo,IN,0.726215982,4.0,4.0,1.0,3,1,2.0
784,Washington,PA,0.591698433,5.0,4.0,4.0,2,1,2.0
785,Marathon,WI,0.678671212,4.0,2.0,2.0,2,1,2.0
786,Northampton,VA,1.2118391659999999,5.0,4.0,4.0,2,4,2.0
787,Blount,TN,0.323157867,5.0,4.0,4.0,3,4,4.0
788,Charlottesville City,VA,6.047635135,5.0,4.0,4.0,2,4,2.0
789,Henry,VA,0.53905839,5.0,4.0,4.0,2,4,2.0
790,Bastrop,TX,0.647292994,5.0,3.0,1.0,4,1,3.0
791,Brunswick,NC,0.544990637,5.0,4.0,1.0,2,1,4.0
792,Franklin,AL,0.23209380899999998,5.0,3.0,1.0,2,1,5.0
793,Ross,OH,0.55522196,4.0,1.0,1.0,2,1,3.0
794,Stearns,MN,0.537119096,5.0,5.0,5.0,2,1,2.0
795,Jefferson,GA,1.247469801,5.0,2.0,2.0,2,1,3.0
796,Cherokee,TX,0.268519235,5.0,3.0,1.0,4,1,3.0
797,Jenkins,GA,0.592612137,5.0,2.0,2.0,2,1,3.0
798,Chilton,AL,0.193024335,5.0,3.0,1.0,2,1,5.0
799,Franklin,NC,0.786534702,5.0,4.0,1.0,2,1,4.0
800,McDowell,NC,0.320359692,5.0,4.0,1.0,2,1,4.0
801,Giles,TN,0.365997491,5.0,4.0,4.0,3,4,4.0
802,Crenshaw,AL,0.368712608,5.0,3.0,1.0,2,1,5.0
803,Big Horn,MT,1.130059363,5.0,5.0,5.0,2,1,3.0
804,Johnson,IA,2.385478046,,5.0,5.0,5,1,2.0
805,Dearborn,IN,0.269585381,4.0,4.0,1.0,3,1,2.0
806,Lawrence,AL,0.334810302,5.0,3.0,1.0,2,1,5.0
807,Yell,AR,0.321180556,,5.0,5.0,2,1,3.0
808,Polk,TX,0.275896152,5.0,3.0,1.0,4,1,3.0
809,Rockwall,TX,0.33935538299999995,5.0,3.0,1.0,4,1,3.0
810,Grant,LA,0.159422246,4.0,2.0,2.0,2,1,2.0
811,Worcester,MD,0.566705404,5.0,2.0,1.0,2,1,2.0
812,McLean,IL,0.972043935,3.0,2.0,2.0,2,1,2.0
813,Logan,KY,0.35420416600000004,5.0,5.0,5.0,2,1,2.0
814,Ottawa,OH,0.654785426,4.0,1.0,1.0,2,1,3.0
815,Page,VA,0.321031797,5.0,4.0,4.0,2,4,2.0
816,Warren,NY,0.8311218340000001,3.0,2.0,1.0,2,1,2.0
817,Galax City,VA,0.42482844700000005,5.0,4.0,4.0,2,4,2.0
818,Southampton,VA,0.714001986,5.0,4.0,4.0,2,4,2.0
819,Cape Girardeau,MO,0.314320613,5.0,3.0,3.0,3,1,5.0
820,Hot Spring,AR,0.38534018600000003,,5.0,5.0,2,1,3.0
821,Carbon,PA,0.476764659,5.0,4.0,4.0,2,1,2.0
822,San Juan,UT,0.7720226840000001,,2.0,1.0,2,1,2.0
823,Wayne,GA,0.25033729899999996,5.0,2.0,2.0,2,1,3.0
824,Marion,AL,0.12701791699999998,5.0,3.0,1.0,2,1,5.0
825,Randolph,GA,1.257277734,5.0,2.0,2.0,2,1,3.0
826,Ben Hill,GA,0.561914951,5.0,2.0,2.0,2,1,3.0
827,Scott,MS,0.697157792,5.0,4.0,4.0,3,4,4.0
828,Mercer,WV,0.270282694,4.0,4.0,4.0,2,4,4.0
829,Walton,FL,0.26696692,5.0,2.0,2.0,2,1,3.0
830,Lycoming,PA,0.365453168,5.0,4.0,4.0,2,1,2.0
831,Covington,AL,0.179920103,5.0,3.0,1.0,2,1,5.0
832,Monroe,MI,0.620951897,4.0,4.0,4.0,2,1,2.0
833,Graves,KY,0.261068582,5.0,5.0,5.0,2,1,2.0
834,Hale,AL,1.504884967,5.0,3.0,1.0,2,1,5.0
835,Oconee,SC,0.330796592,5.0,2.0,2.0,2,1,5.0
836,Houston,AL,0.34704504,5.0,3.0,1.0,2,1,5.0
837,Hampton,SC,1.4822247709999998,5.0,2.0,2.0,2,1,5.0
838,Petersburg City,VA,8.284631289,5.0,4.0,4.0,2,4,2.0
839,Little River,AR,0.387517337,,5.0,5.0,2,1,3.0
840,Navarro,TX,0.333666833,5.0,3.0,1.0,4,1,3.0
841,Lea,NM,0.31452581,4.0,2.0,2.0,2,1,2.0
842,Ontario,NY,0.854162665,3.0,2.0,1.0,2,1,2.0
843,Susquehanna,PA,0.397409045,5.0,4.0,4.0,2,1,2.0
844,Sampson,NC,0.7108100820000001,5.0,4.0,1.0,2,1,4.0
845,Calvert,MD,0.6962484720000001,5.0,2.0,1.0,2,1,2.0
846,Fulton,NY,0.48254345600000004,3.0,2.0,1.0,2,1,2.0
847,Olmsted,MN,1.0168218009999999,5.0,5.0,5.0,2,1,2.0
848,Cass,MO,0.44854674,4.0,3.0,3.0,3,1,5.0
849,Autauga,AL,0.32665639399999996,5.0,3.0,1.0,2,1,5.0
850,Wilson,TX,0.342191742,5.0,3.0,1.0,4,1,3.0
851,Champaign,IL,1.502547351,3.0,2.0,2.0,2,1,2.0
852,Effingham,GA,0.271511693,5.0,2.0,2.0,2,1,3.0
853,Fannin,GA,0.19964701,5.0,2.0,2.0,2,1,3.0
854,Shelby,TX,0.244880903,5.0,3.0,1.0,4,1,3.0
855,Shasta,CA,0.43070416,3.0,3.0,3.0,3,1,1.0
856,Henderson,TX,0.239704017,5.0,3.0,1.0,4,1,3.0
857,Hampton City,VA,2.30767512,5.0,4.0,4.0,2,4,2.0
858,Saline,AR,0.369628865,,5.0,5.0,2,1,3.0
859,Waupaca,WI,0.521341652,4.0,2.0,2.0,2,1,2.0
860,Colbert,AL,0.436641586,5.0,3.0,1.0,2,1,5.0
861,Monroe,IL,0.43827698200000004,3.0,2.0,2.0,2,1,2.0
862,Hillsdale,MI,0.340475346,4.0,4.0,4.0,2,1,2.0
863,Putnam,OH,0.1953078,4.0,1.0,1.0,2,1,3.0
864,Adams,PA,0.45250294399999996,5.0,4.0,4.0,2,1,2.0
865,Walthall,MS,0.687869822,5.0,4.0,4.0,3,4,4.0
866,De Soto,FL,0.5578341689999999,5.0,2.0,2.0,2,1,3.0
867,Newton,MS,0.420891875,5.0,4.0,4.0,3,4,4.0
868,Kendall,IL,0.996915188,3.0,2.0,2.0,2,1,2.0
869,Delaware,OK,0.279976323,,5.0,5.0,2,5,5.0
870,Panola,TX,0.21728833600000003,5.0,3.0,1.0,4,1,3.0
871,Oconee,GA,0.41571694600000003,5.0,2.0,2.0,2,1,3.0
872,Boone,AR,0.23914998,,5.0,5.0,2,1,3.0
873,Limestone,AL,0.32573021,5.0,3.0,1.0,2,1,5.0
874,Lowndes,AL,2.788692176,5.0,3.0,1.0,2,1,5.0
875,Muskogee,OK,0.5302798639999999,,5.0,5.0,2,5,5.0
876,Henry,IN,0.368765743,4.0,4.0,1.0,3,1,2.0
877,Faulkner,AR,0.498500647,,5.0,5.0,2,1,3.0
878,Wagoner,OK,0.292240817,,5.0,5.0,2,5,5.0
879,Belmont,OH,0.416192913,4.0,1.0,1.0,2,1,3.0
880,Hancock,MS,0.24212584199999998,5.0,4.0,4.0,3,4,4.0
881,Putnam,GA,0.421454768,5.0,2.0,2.0,2,1,3.0
882,Mercer,OH,0.193305153,4.0,1.0,1.0,2,1,3.0
883,Dallas,AL,2.217308689,5.0,3.0,1.0,2,1,5.0
884,Escambia,AL,0.46351283299999996,5.0,3.0,1.0,2,1,5.0
885,Emporia City,VA,1.939163498,5.0,4.0,4.0,2,4,2.0
886,Graham,AZ,0.411339564,5.0,2.0,2.0,2,1,3.0
887,Tipton,IN,0.283950617,4.0,4.0,1.0,3,1,2.0
888,Harrison,IN,0.36954338299999995,4.0,4.0,1.0,3,1,2.0
889,Union,FL,0.221978984,5.0,2.0,2.0,2,1,3.0
890,Brooks,GA,0.6830586329999999,5.0,2.0,2.0,2,1,3.0
891,Franklin,IN,0.227131157,4.0,4.0,1.0,3,1,2.0
892,Christian,KY,0.509498157,5.0,5.0,5.0,2,1,2.0
893,Orange,IN,0.35292090299999995,4.0,4.0,1.0,3,1,2.0
894,Patrick,VA,0.273938643,5.0,4.0,4.0,2,4,2.0
895,Marshall,IN,0.39046224,4.0,4.0,1.0,3,1,2.0
896,Chattooga,GA,0.24961312300000002,5.0,2.0,2.0,2,1,3.0
897,Brown,TX,0.134892236,5.0,3.0,1.0,4,1,3.0
898,Colonial Heights Cit,VA,0.41665199799999997,5.0,4.0,4.0,2,4,2.0
899,Wichita,TX,0.31739712600000003,5.0,3.0,1.0,4,1,3.0
900,Surry,NC,0.316336445,5.0,4.0,1.0,2,1,4.0
901,Lee,GA,0.297764419,5.0,2.0,2.0,2,1,3.0
902,Delaware,OH,0.709977765,4.0,1.0,1.0,2,1,3.0
903,Lancaster,NE,1.005033448,,3.0,3.0,3,5,5.0
904,De Kalb,AL,0.16921280100000002,5.0,3.0,1.0,2,1,5.0
905,Queen Annes,MD,0.469193197,5.0,2.0,1.0,2,1,2.0
906,Oldham,KY,0.5016366210000001,5.0,5.0,5.0,2,1,2.0
907,Onslow,NC,0.471795701,5.0,4.0,1.0,2,1,4.0
908,Natchitoches,LA,0.796610169,4.0,2.0,2.0,2,1,2.0
909,West Feliciana,LA,0.663126844,4.0,2.0,2.0,2,1,2.0
910,Manassas City,VA,1.4149168490000001,5.0,4.0,4.0,2,4,2.0
911,Stark,ND,0.17970271699999998,,,,2,1,3.0
912,Wilcox,GA,0.40648855,5.0,2.0,2.0,2,1,3.0
913,Attala,MS,0.6620379820000001,5.0,4.0,4.0,3,4,4.0
914,Boone,KY,0.384473671,5.0,5.0,5.0,2,1,2.0
915,Covington,MS,0.60275989,5.0,4.0,4.0,3,4,4.0
916,Tioga,NY,0.5675716439999999,3.0,2.0,1.0,2,1,2.0
917,Jackson,IL,1.072950291,3.0,2.0,2.0,2,1,2.0
918,Marshall,MS,1.218005162,5.0,4.0,4.0,3,4,4.0
919,Haywood,TN,1.231662795,5.0,4.0,4.0,3,4,4.0
920,Mercer,PA,0.593868882,5.0,4.0,4.0,2,1,2.0
921,Butler,PA,0.443658037,5.0,4.0,4.0,2,1,2.0
922,Clinton,IA,0.895264278,,5.0,5.0,5,1,2.0
923,Fauquier,VA,0.5862068970000001,5.0,4.0,4.0,2,4,2.0
924,Carroll,VA,0.239988746,5.0,4.0,4.0,2,4,2.0
925,Union,MS,0.21786681100000002,5.0,4.0,4.0,3,4,4.0
926,McNairy,TN,0.235684224,5.0,4.0,4.0,3,4,4.0
927,Union,IL,0.414853195,3.0,2.0,2.0,2,1,2.0
928,Harris,GA,0.342325737,5.0,2.0,2.0,2,1,3.0
929,Tallahatchie,MS,1.355402112,5.0,4.0,4.0,3,4,4.0
930,Deaf Smith,TX,0.407076606,5.0,3.0,1.0,4,1,3.0
931,Red River,LA,0.810539523,4.0,2.0,2.0,2,1,2.0
932,Lawrence,OH,0.373160683,4.0,1.0,1.0,2,1,3.0
933,Daviess,KY,0.489950531,5.0,5.0,5.0,2,1,2.0
934,Nez Perce,ID,0.45125712700000004,4.0,4.0,4.0,4,4,4.0
935,Boone,IL,0.731639798,3.0,2.0,2.0,2,1,2.0
936,Morgan,IL,0.51740855,3.0,2.0,2.0,2,1,2.0
937,Chickasaw,MS,0.8841773690000001,5.0,4.0,4.0,3,4,4.0
938,Greene,GA,0.582695811,5.0,2.0,2.0,2,1,3.0
939,Washington,FL,0.262128054,5.0,2.0,2.0,2,1,3.0
940,Assumption,LA,0.585493,4.0,2.0,2.0,2,1,2.0
941,Turner,GA,0.594749403,5.0,2.0,2.0,2,1,3.0
942,Liberty,GA,1.5578741440000001,5.0,2.0,2.0,2,1,3.0
943,Shelby,KY,0.475598666,5.0,5.0,5.0,2,1,2.0
944,Monroe,FL,0.866097516,5.0,2.0,2.0,2,1,3.0
945,Madison,FL,0.7268604409999999,5.0,2.0,2.0,2,1,3.0
946,Halifax,NC,1.743771454,5.0,4.0,1.0,2,1,4.0
947,Polk,GA,0.26030506600000003,5.0,2.0,2.0,2,1,3.0
948,Van Zandt,TX,0.15151843199999998,5.0,3.0,1.0,4,1,3.0
949,Peach,GA,0.942176242,5.0,2.0,2.0,2,1,3.0
950,Kent,MD,0.938269073,5.0,2.0,1.0,2,1,2.0
951,Dyer,TN,0.276620825,5.0,4.0,4.0,3,4,4.0
952,Merrimack,NH,1.066995806,5.0,4.0,4.0,2,1,5.0
953,Gasconade,MO,0.268077601,5.0,3.0,3.0,3,1,5.0
954,Henderson,TN,0.22118456600000003,5.0,4.0,4.0,3,4,4.0
955,Jackson,WV,0.295232816,4.0,4.0,4.0,2,4,4.0
956,Lawrence,PA,0.550928111,5.0,4.0,4.0,2,1,2.0
957,Carroll,TN,0.300025786,5.0,4.0,4.0,3,4,4.0
958,Plymouth,IA,0.29803719,,5.0,5.0,5,1,2.0
959,Itawamba,MS,0.131877214,5.0,4.0,4.0,3,4,4.0
960,Cumberland,TN,0.254837603,5.0,4.0,4.0,3,4,4.0
961,Martinsville City,VA,1.644020475,5.0,4.0,4.0,2,4,2.0
962,Montgomery,MS,0.750532292,5.0,4.0,4.0,3,4,4.0
963,Pierce,GA,0.143287845,5.0,2.0,2.0,2,1,3.0
964,Morehouse,LA,0.7928329740000001,4.0,2.0,2.0,2,1,2.0
965,Jasper,SC,1.1482552540000002,5.0,2.0,2.0,2,1,5.0
966,Cullman,AL,0.115129286,5.0,3.0,1.0,2,1,5.0
967,Grant,WI,0.813507167,4.0,2.0,2.0,2,1,2.0
968,Santa Cruz,CA,4.244986184,3.0,3.0,3.0,3,1,1.0
969,Candler,GA,0.385135135,5.0,2.0,2.0,2,1,3.0
970,Grady,GA,0.497769701,5.0,2.0,2.0,2,1,3.0
971,Richmond,NC,0.818742175,5.0,4.0,1.0,2,1,4.0
972,Hawkins,TN,0.210655935,5.0,4.0,4.0,3,4,4.0
973,Cass,MI,0.510426174,4.0,4.0,4.0,2,1,2.0
974,Allegany,MD,0.37023977399999997,5.0,2.0,1.0,2,1,2.0
975,Flathead,MT,0.43958333299999997,5.0,5.0,5.0,2,1,3.0
976,Brooks,TX,3.1598694939999996,5.0,3.0,1.0,4,1,3.0
977,Macon,TN,0.171163979,5.0,4.0,4.0,3,4,4.0
978,Montgomery,IN,0.30400578699999997,4.0,4.0,1.0,3,1,2.0
979,Garfield,OK,0.274658005,,5.0,5.0,2,5,5.0
980,Blair,PA,0.356662834,5.0,4.0,4.0,2,1,2.0
981,Caddo,OK,0.373341561,,5.0,5.0,2,5,5.0
982,Skagit,WA,1.0789941790000002,4.0,4.0,1.0,2,1,2.0
983,Lamb,TX,0.24783028,5.0,3.0,1.0,4,1,3.0
984,Blount,AL,0.09431733699999999,5.0,3.0,1.0,2,1,5.0
985,Claiborne,LA,0.757880056,4.0,2.0,2.0,2,1,2.0
986,Pike,PA,0.576482312,5.0,4.0,4.0,2,1,2.0
987,Union,GA,0.19924888300000002,5.0,2.0,2.0,2,1,3.0
988,Christian,IL,0.378639856,3.0,2.0,2.0,2,1,2.0
989,Washington,OH,0.391245003,4.0,1.0,1.0,2,1,3.0
990,Clinton,IL,0.317837577,3.0,2.0,2.0,2,1,2.0
991,Weakley,TN,0.307726465,5.0,4.0,4.0,3,4,4.0
992,Grant,WA,0.421751809,4.0,4.0,1.0,2,1,2.0
993,Ward,ND,0.311547542,,,,2,1,3.0
994,Randolph,AR,0.316034597,,5.0,5.0,2,1,3.0
995,Cerro Gordo,IA,0.84863609,,5.0,5.0,5,1,2.0
996,Albemarle,VA,1.7313983069999999,5.0,4.0,4.0,2,4,2.0
997,Pulaski,GA,0.45301600299999994,5.0,2.0,2.0,2,1,3.0
998,Chester,SC,0.9055746729999999,5.0,2.0,2.0,2,1,5.0
999,Jeff Davis,GA,0.21954191,5.0,2.0,2.0,2,1,3.0
1000,Johnson,GA,0.450972608,5.0,2.0,2.0,2,1,3.0
1001,Telfair,GA,0.5359183670000001,5.0,2.0,2.0,2,1,3.0
1002,Saluda,SC,0.509048136,5.0,2.0,2.0,2,1,5.0
1003,White,GA,0.171498822,5.0,2.0,2.0,2,1,3.0
1004,Mahaska,IA,0.352395048,,5.0,5.0,5,1,2.0
1005,Bonneville,ID,0.334469456,4.0,4.0,4.0,4,4,4.0
1006,Jackson,LA,0.413813117,4.0,2.0,2.0,2,1,2.0
1007,Perry,MS,0.29504232199999997,5.0,4.0,4.0,3,4,4.0
1008,Sandusky,OH,0.608543761,4.0,1.0,1.0,2,1,3.0
1009,Isle of Wight,VA,0.645771878,5.0,4.0,4.0,2,4,2.0
1010,Lynchburg City,VA,0.822600378,5.0,4.0,4.0,2,4,2.0
1011,Chicot,AR,1.369463869,,5.0,5.0,2,1,3.0
1012,Tipton,TN,0.342105263,5.0,4.0,4.0,3,4,4.0
1013,Rockingham,VA,0.360369373,5.0,4.0,4.0,2,4,2.0
1014,Kittitas,WA,0.7414851490000001,4.0,4.0,1.0,2,1,2.0
1015,Moore,TX,0.276087503,5.0,3.0,1.0,4,1,3.0
1016,Smyth,VA,0.273333333,5.0,4.0,4.0,2,4,2.0
1017,Crawford,AR,0.268967997,,5.0,5.0,2,1,3.0
1018,Kosciusko,IN,0.263756006,4.0,4.0,1.0,3,1,2.0
1019,Lane,OR,1.53040616,4.0,2.0,2.0,2,1,2.0
1020,Mendocino,CA,2.0278288019999997,3.0,3.0,3.0,3,1,1.0
1021,Richland,OH,0.439600984,4.0,1.0,1.0,2,1,3.0
1022,Winston,MS,0.7841140529999999,5.0,4.0,4.0,3,4,4.0
1023,Wayne,MS,0.588313856,5.0,4.0,4.0,3,4,4.0
1024,Ozaukee,WI,0.662767006,4.0,2.0,2.0,2,1,2.0
1025,Bleckley,GA,0.296047325,5.0,2.0,2.0,2,1,3.0
1026,Sumter,AL,3.001897533,5.0,3.0,1.0,2,1,5.0
1027,Jersey,IL,0.345766649,3.0,2.0,2.0,2,1,2.0
1028,Hoke,NC,1.253350515,5.0,4.0,1.0,2,1,4.0
1029,Hopkins,TX,0.234426076,5.0,3.0,1.0,4,1,3.0
1030,Washington,VA,0.28742236,5.0,4.0,4.0,2,4,2.0
1031,Fayette,TX,0.24522475100000002,5.0,3.0,1.0,4,1,3.0
1032,Edgefield,SC,0.656387021,5.0,2.0,2.0,2,1,5.0
1033,Fayette,TN,0.449942551,5.0,4.0,4.0,3,4,4.0
1034,Marengo,AL,1.07299828,5.0,3.0,1.0,2,1,5.0
1035,Camden,MO,0.281397545,5.0,3.0,3.0,3,1,5.0
1036,Cibola,NM,1.170892019,4.0,2.0,2.0,2,1,2.0
1037,Clay,MS,1.3787951809999999,5.0,4.0,4.0,3,4,4.0
1038,Monroe,TN,0.238223419,5.0,4.0,4.0,3,4,4.0
1039,Le Flore,OK,0.243227062,,5.0,5.0,2,5,5.0
1040,James City,VA,0.8966957659999999,5.0,4.0,4.0,2,4,2.0
1041,Dubois,IN,0.403217359,4.0,4.0,1.0,3,1,2.0
1042,Whiteside,IL,0.8747522790000001,3.0,2.0,2.0,2,1,2.0
1043,Thurston,WA,1.414897993,4.0,4.0,1.0,2,1,2.0
1044,Bradley,TN,0.237503359,5.0,4.0,4.0,3,4,4.0
1045,Chaffee,CO,0.9066963459999999,5.0,4.0,1.0,4,1,2.0
1046,Sheboygan,WI,0.7072524490000001,4.0,2.0,2.0,2,1,2.0
1047,Canadian,OK,0.29195218300000003,,5.0,5.0,2,5,5.0
1048,Nottoway,VA,0.762122845,5.0,4.0,4.0,2,4,2.0
1049,Sevier,TN,0.219951797,5.0,4.0,4.0,3,4,4.0
1050,Pittsburg,OK,0.290990355,,5.0,5.0,2,5,5.0
1051,Tuscarawas,OH,0.452782525,4.0,1.0,1.0,2,1,3.0
1052,Duval,TX,2.1147416409999997,5.0,3.0,1.0,4,1,3.0
1053,Cass,TX,0.245835904,5.0,3.0,1.0,4,1,3.0
1054,Lonoke,AR,0.283795972,,5.0,5.0,2,1,3.0
1055,Crow Wing,MN,0.492753623,5.0,5.0,5.0,2,1,2.0
1056,Tippah,MS,0.25441989,5.0,4.0,4.0,3,4,4.0
1057,Rusk,TX,0.268143101,5.0,3.0,1.0,4,1,3.0
1058,Rosebud,MT,0.43808255700000004,5.0,5.0,5.0,2,1,3.0
1059,Crisp,GA,0.62365355,5.0,2.0,2.0,2,1,3.0
1060,Adair,KY,0.19933705,5.0,5.0,5.0,2,1,2.0
1061,Sevier,AR,0.32754418,,5.0,5.0,2,1,3.0
1062,Kitsap,WA,1.28842466,4.0,4.0,1.0,2,1,2.0
1063,Coffee,TN,0.328986613,5.0,4.0,4.0,3,4,4.0
1064,Stone,AR,0.29248723600000004,,5.0,5.0,2,1,3.0
1065,Newton,AR,0.243130435,,5.0,5.0,2,1,3.0
1066,Bedford,TN,0.29557722399999997,5.0,4.0,4.0,3,4,4.0
1067,Scotland,NC,1.16991688,5.0,4.0,1.0,2,1,4.0
1068,Iroquois,IL,0.25682051300000003,3.0,2.0,2.0,2,1,2.0
1069,Clinton,IN,0.330441918,4.0,4.0,1.0,3,1,2.0
1070,Crockett,TN,0.327222501,5.0,4.0,4.0,3,4,4.0
1071,Lamar,GA,0.437379576,5.0,2.0,2.0,2,1,3.0
1072,Howard,TX,0.266686756,5.0,3.0,1.0,4,1,3.0
1073,Macon,AL,5.28721174,5.0,3.0,1.0,2,1,5.0
1074,Bladen,NC,0.8254970759999999,5.0,4.0,1.0,2,1,4.0
1075,Lafayette,MO,0.368856935,5.0,3.0,3.0,3,1,5.0
1076,Cross,AR,0.436082024,,5.0,5.0,2,1,3.0
1077,Caldwell,NC,0.316479471,5.0,4.0,1.0,2,1,4.0
1078,Plaquemines,LA,0.485072464,4.0,2.0,2.0,2,1,2.0
1079,St Francois,MO,0.357797115,5.0,3.0,3.0,3,1,5.0
1080,Pontotoc,MS,0.230843653,5.0,4.0,4.0,3,4,4.0
1081,Accomack,VA,0.785273214,5.0,4.0,4.0,2,4,2.0
1082,Armstrong,PA,0.305654914,5.0,4.0,4.0,2,1,2.0
1083,Shoshone,ID,0.419775554,4.0,4.0,4.0,4,4,4.0
1084,Prentiss,MS,0.270266736,5.0,4.0,4.0,3,4,4.0
1085,Dodge,WI,0.524265285,4.0,2.0,2.0,2,1,2.0
1086,Barnwell,SC,0.899979546,5.0,2.0,2.0,2,1,5.0
1087,Winn,LA,0.35677083299999995,4.0,2.0,2.0,2,1,2.0
1088,Wilkinson,MS,2.1676783,5.0,4.0,4.0,3,4,4.0
1089,Catoosa,GA,0.22853995,5.0,2.0,2.0,2,1,3.0
1090,Stafford,VA,0.8240226759999999,5.0,4.0,4.0,2,4,2.0
1091,Columbia,AR,0.5755131960000001,,5.0,5.0,2,1,3.0
1092,Hardin,TN,0.202446331,5.0,4.0,4.0,3,4,4.0
1093,Boone,MO,1.136049724,4.0,3.0,3.0,3,1,5.0
1094,Hawaii,HI,2.3575224269999997,4.0,4.0,4.0,4,1,4.0
1095,Wilkinson,GA,0.8118302609999999,5.0,2.0,2.0,2,1,3.0
1096,Aransas,TX,0.318475452,5.0,3.0,1.0,4,1,3.0
1097,Scott,MO,0.271491495,5.0,3.0,3.0,3,1,5.0
1098,Winona,MN,0.9376340540000001,5.0,5.0,5.0,2,1,2.0
1099,Phelps,MO,0.37500983600000004,5.0,3.0,3.0,3,1,5.0
1100,Maui,HI,2.489959839,4.0,4.0,4.0,4,1,4.0
1101,Franklin,IA,0.472020234,,5.0,5.0,5,1,2.0
1102,York,ME,1.1079499240000001,5.0,2.0,2.0,1,1,4.0
1103,Wayne,IN,0.5192163710000001,4.0,4.0,1.0,3,1,2.0
1104,Grayson,VA,0.251609442,5.0,4.0,4.0,2,4,2.0
1105,Obion,TN,0.25467142600000003,5.0,4.0,4.0,3,4,4.0
1106,Van Buren,MI,0.741084405,4.0,4.0,4.0,2,1,2.0
1107,Culpeper,VA,0.581242041,5.0,4.0,4.0,2,4,2.0
1108,Lenawee,MI,0.633749527,4.0,4.0,4.0,2,1,2.0
1109,Fayette,WV,0.41421261,4.0,4.0,4.0,2,4,4.0
1110,Monroe,OH,0.341413311,4.0,1.0,1.0,2,1,3.0
1111,Jefferson,TN,0.236464537,5.0,4.0,4.0,3,4,4.0
1112,Lee,AR,1.4117168430000002,,5.0,5.0,2,1,3.0
1113,Cole,MO,0.443329542,4.0,3.0,3.0,3,1,5.0
1114,Hancock,OH,0.39734524299999996,4.0,1.0,1.0,2,1,3.0
1115,Dickson,TN,0.356835185,5.0,4.0,4.0,3,4,4.0
1116,Gonzales,TX,0.342489645,5.0,3.0,1.0,4,1,3.0
1117,Baker,FL,0.20516805899999999,5.0,2.0,2.0,2,1,3.0
1118,Berkeley,WV,0.436234244,4.0,4.0,4.0,2,4,4.0
1119,Lincoln,AR,0.5099796329999999,,5.0,5.0,2,1,3.0
1120,Nicollet,MN,0.9346924259999999,5.0,5.0,5.0,2,1,2.0
1121,Windham,CT,0.846389871,4.0,4.0,4.0,2,1,2.0
1122,Palo Pinto,TX,0.206180589,5.0,3.0,1.0,4,1,3.0
1123,Pickens,AL,0.728005865,5.0,3.0,1.0,2,1,5.0
1124,Northampton,NC,1.715242881,5.0,4.0,1.0,2,1,4.0
1125,Tunica,MS,3.1266119580000002,5.0,4.0,4.0,3,4,4.0
1126,Zavala,TX,3.798270893,5.0,3.0,1.0,4,1,3.0
1127,Greene,MS,0.22468281399999998,5.0,4.0,4.0,3,4,4.0
1128,Bullock,AL,3.096491228,5.0,3.0,1.0,2,1,5.0
1129,Iron,MI,0.5453061220000001,4.0,4.0,4.0,2,1,2.0
1130,Rockingham,NC,0.530301901,5.0,4.0,1.0,2,1,4.0
1131,Gilchrist,FL,0.216320475,5.0,2.0,2.0,2,1,3.0
1132,New Madrid,MO,0.366793169,5.0,3.0,3.0,3,1,5.0
1133,Jackson,KY,0.098588668,5.0,5.0,5.0,2,1,2.0
1134,Cass,IN,0.38748582600000003,4.0,4.0,1.0,3,1,2.0
1135,Lauderdale,TN,0.625716626,5.0,4.0,4.0,3,4,4.0
1136,Calhoun,SC,0.94349089,5.0,2.0,2.0,2,1,5.0
1137,Lawrence,TN,0.227133655,5.0,4.0,4.0,3,4,4.0
1138,Story,IA,1.321256039,,5.0,5.0,5,1,2.0
1139,Bristol,RI,1.629559398,5.0,2.0,2.0,2,4,4.0
1140,Karnes,TX,0.38617200700000004,5.0,3.0,1.0,4,1,3.0
1141,Leavenworth,KS,0.578807121,4.0,2.0,2.0,2,4,4.0
1142,Scott,KY,0.512556471,5.0,5.0,5.0,2,1,2.0
1143,Henderson,KY,0.551607862,5.0,5.0,5.0,2,1,2.0
1144,Preble,OH,0.28000776899999996,4.0,1.0,1.0,2,1,3.0
1145,Henry,OH,0.403827545,4.0,1.0,1.0,2,1,3.0
1146,Rhea,TN,0.224249423,5.0,4.0,4.0,3,4,4.0
1147,Campbell,KY,0.585149701,5.0,5.0,5.0,2,1,2.0
1148,Sherburne,MN,0.42807458200000004,5.0,5.0,5.0,2,1,2.0
1149,Butler,KY,0.213866305,5.0,5.0,5.0,2,1,2.0
1150,Fayette,IL,0.246744438,3.0,2.0,2.0,2,1,2.0
1151,Jasper,MS,1.081723626,5.0,4.0,4.0,3,4,4.0
1152,Newton,MO,0.242786941,5.0,3.0,3.0,3,1,5.0
1153,Eddy,NM,0.382824979,4.0,2.0,2.0,2,1,2.0
1154,Clarke,AL,0.805182073,5.0,3.0,1.0,2,1,5.0
1155,Floyd,VA,0.43453618,5.0,4.0,4.0,2,4,2.0
1156,Hart,GA,0.354790008,5.0,2.0,2.0,2,1,3.0
1157,Chaves,NM,0.42992542,4.0,2.0,2.0,2,1,2.0
1158,Humphreys,MS,2.668114683,5.0,4.0,4.0,3,4,4.0
1159,Stewart,GA,1.518012422,5.0,2.0,2.0,2,1,3.0
1160,Gilmer,GA,0.187553689,5.0,2.0,2.0,2,1,3.0
1161,Franklin,GA,0.176212078,5.0,2.0,2.0,2,1,3.0
1162,Fannin,TX,0.22329283600000002,5.0,3.0,1.0,4,1,3.0
1163,George,MS,0.11810027599999999,5.0,4.0,4.0,3,4,4.0
1164,Lincoln,KY,0.25415644600000004,5.0,5.0,5.0,2,1,2.0
1165,Lafayette,FL,0.184407262,5.0,2.0,2.0,2,1,3.0
1166,Delta,MI,0.578724935,4.0,4.0,4.0,2,1,2.0
1167,Claiborne,MS,6.8666666670000005,5.0,4.0,4.0,3,4,4.0
1168,Lincoln,NC,0.343574255,5.0,4.0,1.0,2,1,4.0
1169,Gratiot,MI,0.573481781,4.0,4.0,4.0,2,1,2.0
1170,Perry,IL,0.359153902,3.0,2.0,2.0,2,1,2.0
1171,Lee,NC,0.763491832,5.0,4.0,1.0,2,1,4.0
1172,Chelan,WA,0.7194435240000001,4.0,4.0,1.0,2,1,2.0
1173,Camden,GA,0.48172217700000003,5.0,2.0,2.0,2,1,3.0
1174,Jackson,TX,0.211908111,5.0,3.0,1.0,4,1,3.0
1175,Itasca,MN,0.697755418,5.0,5.0,5.0,2,1,2.0
1176,Bell,KY,0.22153529100000002,5.0,5.0,5.0,2,1,2.0
1177,Amador,CA,0.572627563,3.0,3.0,3.0,3,1,1.0
1178,Winnebago,IA,0.560197273,,5.0,5.0,5,1,2.0
1179,Auglaize,OH,0.213313324,4.0,1.0,1.0,2,1,3.0
1180,Fond du Lac,WI,0.560204871,4.0,2.0,2.0,2,1,2.0
1181,Bureau,IL,0.649606723,3.0,2.0,2.0,2,1,2.0
1182,Finney,KS,0.503149606,5.0,2.0,2.0,2,4,4.0
1183,Nye,NV,0.382317622,5.0,4.0,4.0,2,1,3.0
1184,Noxubee,MS,3.6225,5.0,4.0,4.0,3,4,4.0
1185,Calaveras,CA,0.587965362,3.0,3.0,3.0,3,1,1.0
1186,Smith,MS,0.272773279,5.0,4.0,4.0,3,4,4.0
1187,Nobles,MN,0.51575769,5.0,5.0,5.0,2,1,2.0
1188,Limestone,TX,0.306763285,5.0,3.0,1.0,4,1,3.0
1189,De Kalb,TN,0.30342293600000003,5.0,4.0,4.0,3,4,4.0
1190,La Paz,AZ,0.39345490899999996,5.0,2.0,2.0,2,1,3.0
1191,Martin,MN,0.38700085,5.0,5.0,5.0,2,1,2.0
1192,Grayson,KY,0.23835016399999998,5.0,5.0,5.0,2,1,2.0
1193,Yamhill,OR,0.8301505379999999,4.0,2.0,2.0,2,1,2.0
1194,Portage,WI,1.070206865,4.0,2.0,2.0,2,1,2.0
1195,Putnam,IN,0.315502491,4.0,4.0,1.0,3,1,2.0
1196,Boyd,KY,0.443013759,5.0,5.0,5.0,2,1,2.0
1197,Cabell,WV,0.5766750629999999,4.0,4.0,4.0,2,4,4.0
1198,Scott,IN,0.434968719,4.0,4.0,1.0,3,1,2.0
1199,Waller,TX,0.545817111,5.0,3.0,1.0,4,1,3.0
1200,McDonough,IL,0.7782192790000001,3.0,2.0,2.0,2,1,2.0
1201,Pipestone,MN,0.337627322,5.0,5.0,5.0,2,1,2.0
1202,Bedford,VA,0.318601389,5.0,4.0,4.0,2,4,2.0
1203,Richland,LA,0.502147288,4.0,2.0,2.0,2,1,2.0
1204,Parmer,TX,0.25326370800000003,5.0,3.0,1.0,4,1,3.0
1205,Jennings,IN,0.287451362,4.0,4.0,1.0,3,1,2.0
1206,Cook,GA,0.41977969299999995,5.0,2.0,2.0,2,1,3.0
1207,Gulf,FL,0.322762244,5.0,2.0,2.0,2,1,3.0
1208,Dodge,NE,0.457465016,,3.0,3.0,3,5,5.0
1209,Stoddard,MO,0.16932936199999998,5.0,3.0,3.0,3,1,5.0
1210,Lewis,KY,0.179922072,5.0,5.0,5.0,2,1,2.0
1211,Greene,NY,0.566434636,3.0,2.0,1.0,2,1,2.0
1212,Greene,AR,0.28647388100000004,,5.0,5.0,2,1,3.0
1213,La Grange,IN,0.29608540899999997,4.0,4.0,1.0,3,1,2.0
1214,Martin,NC,0.991351535,5.0,4.0,1.0,2,1,4.0
1215,Inyo,CA,0.742702448,3.0,3.0,3.0,3,1,1.0
1216,Isabella,MI,0.9242989140000001,4.0,4.0,4.0,2,1,2.0
1217,Concordia,LA,0.59740734,4.0,2.0,2.0,2,1,2.0
1218,Kemper,MS,1.589988751,5.0,4.0,4.0,3,4,4.0
1219,Louisa,IA,0.536982731,,5.0,5.0,5,1,2.0
1220,Poinsett,AR,0.341693929,,5.0,5.0,2,1,3.0
1221,Hill,TX,0.251978631,5.0,3.0,1.0,4,1,3.0
1222,Kay,OK,0.307098258,,5.0,5.0,2,5,5.0
1223,Greene,IL,0.290711701,3.0,2.0,2.0,2,1,2.0
1224,Fayette,IN,0.329287908,4.0,4.0,1.0,3,1,2.0
1225,Knox,OH,0.427107835,4.0,1.0,1.0,2,1,3.0
1226,Laclede,MO,0.198198898,5.0,3.0,3.0,3,1,5.0
1227,Union,SC,0.669735165,5.0,2.0,2.0,2,1,5.0
1228,Saratoga,NY,0.932899679,3.0,2.0,1.0,2,1,2.0
1229,Casey,KY,0.139912441,5.0,5.0,5.0,2,1,2.0
1230,Greene,AL,4.788782816,5.0,3.0,1.0,2,1,5.0
1231,San Augustine,TX,0.34706331,5.0,3.0,1.0,4,1,3.0
1232,Polk,OR,0.866948258,4.0,2.0,2.0,2,1,2.0
1233,Abbeville,SC,0.553156883,5.0,2.0,2.0,2,1,5.0
1234,Wasco,OR,0.8196468370000001,4.0,2.0,2.0,2,1,2.0
1235,Refugio,TX,0.565027322,5.0,3.0,1.0,4,1,3.0
1236,Phillips,AR,1.762060507,,5.0,5.0,2,1,3.0
1237,White,IN,0.37574350799999995,4.0,4.0,1.0,3,1,2.0
1238,Comanche,OK,0.59756034,,5.0,5.0,2,5,5.0
1239,Warren,VA,0.439055466,5.0,4.0,4.0,2,4,2.0
1240,Centre,PA,1.051425979,5.0,4.0,4.0,2,1,2.0
1241,Bacon,GA,0.180737218,5.0,2.0,2.0,2,1,3.0
1242,Rio Arriba,NM,2.665184774,4.0,2.0,2.0,2,1,2.0
1243,Randolph,AL,0.29733939,5.0,3.0,1.0,2,1,5.0
1244,Yalobusha,MS,0.764810427,5.0,4.0,4.0,3,4,4.0
1245,Shelby,OH,0.22824099,4.0,1.0,1.0,2,1,3.0
1246,Emmet,IA,0.43437900100000004,,5.0,5.0,5,1,2.0
1247,Seneca,OH,0.499426644,4.0,1.0,1.0,2,1,3.0
1248,Washington,NY,0.66847906,3.0,2.0,1.0,2,1,2.0
1249,Taylor,FL,0.310533911,5.0,2.0,2.0,2,1,3.0
1250,Essex,NY,0.9753706959999999,3.0,2.0,1.0,2,1,2.0
1251,Linn,OR,0.537356665,4.0,2.0,2.0,2,1,2.0
1252,Dawson,NE,0.356951872,,3.0,3.0,3,5,5.0
1253,Lawrence,AR,0.310777559,,5.0,5.0,2,1,3.0
1254,Webster,IA,0.626988862,,5.0,5.0,5,1,2.0
1255,Strafford,NH,1.20026142,5.0,4.0,4.0,2,1,5.0
1256,Napa,CA,2.251392798,3.0,3.0,3.0,3,1,1.0
1257,Calhoun,FL,0.26659505899999997,5.0,2.0,2.0,2,1,3.0
1258,Guthrie,IA,0.477398015,,5.0,5.0,5,1,2.0
1259,Franklin,TN,0.37929240399999997,4.0,4.0,4.0,3,4,4.0
1260,Nevada,AR,0.5785,,5.0,5.0,2,1,3.0
1261,Miller,AR,0.37834248299999995,,5.0,5.0,2,1,3.0
1262,Stone,MS,0.296456841,5.0,4.0,4.0,3,4,4.0
1263,Randolph,IL,0.343110845,3.0,2.0,2.0,2,1,2.0
1264,Waldo,ME,1.0059741759999998,5.0,2.0,2.0,1,1,4.0
1265,Madison,OH,0.410884705,4.0,1.0,1.0,2,1,3.0
1266,Fremont,WY,0.376108176,5.0,3.0,3.0,3,1,3.0
1267,Lumpkin,GA,0.230793222,5.0,2.0,2.0,2,1,3.0
1268,McDuffie,GA,0.6809646540000001,5.0,2.0,2.0,2,1,3.0
1269,Meriwether,GA,0.72845653,5.0,2.0,2.0,2,1,3.0
1270,Houston,TN,0.396883593,5.0,4.0,4.0,3,4,4.0
1271,Tippecanoe,IN,0.886700468,4.0,4.0,1.0,3,1,2.0
1272,Lawrence,MO,0.221636489,5.0,3.0,3.0,3,1,5.0
1273,Lawrence,MS,0.536543632,5.0,4.0,4.0,3,4,4.0
1274,Cleburne,AR,0.22213998699999998,,5.0,5.0,2,1,3.0
1275,Cherokee,AL,0.172791243,5.0,3.0,1.0,2,1,5.0
1276,Dooly,GA,0.959507945,5.0,2.0,2.0,2,1,3.0
1277,Bottineau,ND,0.29510826,,,,2,1,3.0
1278,Ellis,KS,0.32388377,5.0,2.0,2.0,2,4,4.0
1279,Marion,MO,0.317868139,5.0,3.0,3.0,3,1,5.0
1280,Adams,IL,0.336814392,3.0,2.0,2.0,2,1,2.0
1281,Red River,TX,0.29266428899999997,5.0,3.0,1.0,4,1,3.0
1282,Sabine,LA,0.21614418100000002,4.0,2.0,2.0,2,1,2.0
1283,Sharkey,MS,2.1372832369999997,5.0,4.0,4.0,3,4,4.0
1284,Lee,TX,0.274564739,5.0,3.0,1.0,4,1,3.0
1285,Grand Forks,ND,0.664075887,,,,2,1,3.0
1286,Marion,TX,0.39054643,5.0,3.0,1.0,4,1,3.0
1287,Alpena,MI,0.5365236520000001,4.0,4.0,4.0,2,1,2.0
1288,Lake,CA,1.084630626,3.0,3.0,3.0,3,1,1.0
1289,Montgomery,IL,0.40602549200000004,3.0,2.0,2.0,2,1,2.0
1290,Douglas,KS,2.123842593,4.0,2.0,2.0,2,4,4.0
1291,Wise,TX,0.16507015,5.0,3.0,1.0,4,1,3.0
1292,Perry,IN,0.672080773,4.0,4.0,1.0,3,1,2.0
1293,White,TN,0.24051623,5.0,4.0,4.0,3,4,4.0
1294,Indiana,PA,0.46319511399999996,5.0,4.0,4.0,2,1,2.0
1295,Cattaraugus,NY,0.482277067,3.0,2.0,1.0,2,1,2.0
1296,Clinton,MI,0.762248105,4.0,4.0,4.0,2,1,2.0
1297,Jones,NC,0.6943510420000001,5.0,4.0,1.0,2,1,4.0
1298,Iosco,MI,0.520671061,4.0,4.0,4.0,2,1,2.0
1299,Lincoln,OR,1.24524355,4.0,2.0,2.0,2,1,2.0
1300,Harlan,KY,0.150290284,5.0,5.0,5.0,2,1,2.0
1301,Deschutes,OR,0.9289153459999999,4.0,2.0,2.0,2,1,2.0
1302,Polk,TN,0.245634687,5.0,4.0,4.0,3,4,4.0
1303,Otero,NM,0.515184656,4.0,2.0,2.0,2,1,2.0
1304,McDonald,MO,0.20139415100000002,5.0,3.0,3.0,3,1,5.0
1305,Jackson,AL,0.22030950100000002,5.0,3.0,1.0,2,1,5.0
1306,Coryell,TX,0.414233129,5.0,3.0,1.0,4,1,3.0
1307,Carroll,IN,0.301610075,4.0,4.0,1.0,3,1,2.0
1308,Amite,MS,0.628817906,5.0,4.0,4.0,3,4,4.0
1309,Osage,OK,0.445018685,,5.0,5.0,2,5,5.0
1310,Barren,KY,0.317065935,5.0,5.0,5.0,2,1,2.0
1311,Clinton,OH,0.293828588,4.0,1.0,1.0,2,1,3.0
1312,Wheeler,GA,0.45460943,5.0,2.0,2.0,2,1,3.0
1313,Bibb,AL,0.278124072,5.0,3.0,1.0,2,1,5.0
1314,Kerr,TX,0.264060473,5.0,3.0,1.0,4,1,3.0
1315,Bryan,GA,0.381232786,5.0,2.0,2.0,2,1,3.0
1316,Pettis,MO,0.33754879,5.0,3.0,3.0,3,1,5.0
1317,La Salle,TX,1.2947247709999998,5.0,3.0,1.0,4,1,3.0
1318,Newton,TX,0.269589552,5.0,3.0,1.0,4,1,3.0
1319,Sequoyah,OK,0.281135195,,5.0,5.0,2,5,5.0
1320,Dawson,TX,0.31676783,5.0,3.0,1.0,4,1,3.0
1321,San Benito,CA,1.596862645,3.0,3.0,3.0,3,1,1.0
1322,Bullitt,KY,0.314956124,5.0,5.0,5.0,2,1,2.0
1323,Midland,MI,0.65566552,4.0,4.0,4.0,2,1,2.0
1324,Hickman,TN,0.320280948,5.0,4.0,4.0,3,4,4.0
